Name,2018Ridership,Rank2018,Position
138 St-Grand Concourse,"3,166",363,POINT (-73.92984899935611 40.81322399958908)
149 St-Grand Concourse,"13,081",116,POINT (-73.92672247438611 40.81833014409742)
161 St-Yankee Stadium,"26,034",43,POINT (-73.92565099775477 40.827904998845845)
167 St,"9,398",167,POINT (-73.92139999784426 40.83553699933672)
167 St,"6,342",242,POINT (-73.91843200082253 40.83376899862797)
170 St,"8,140",187,POINT (-73.91339999846983 40.83930599964156)
170 St,"7,913",191,POINT (-73.91779099745928 40.84007499993004)
174 St,"6,751",228,POINT (-73.88769359812888 40.837195550170605)
174-175 Sts,"3,221",356,POINT (-73.91013600050078 40.84589999983414)
176 St,"5,807",259,POINT (-73.91179399884471 40.8484800012369)
182-183 Sts,"4,752",296,POINT (-73.90074099998965 40.85609299881864)
183 St,"5,754",262,POINT (-73.90387900151532 40.85840700040842)
219 St,"3,335",350,POINT (-73.8625097078866 40.883887974625274)
225 St,"3,961",324,POINT (-73.86021461772737 40.88802825863786)
231 St,"10,287",154,POINT (-73.90483400107873 40.87885599817935)
233 St,"4,864",291,POINT (-73.85736239521543 40.89314324138378)
238 St,"3,225",354,POINT (-73.90087000018522 40.88466700064975)
3 Av-138 St,"7,801",192,POINT (-73.92613800014134 40.81047600117261)
3 Av-149 St,"22,357",58,POINT (-73.91779152760981 40.816029252510006)
Allerton Av,"5,144",283,POINT (-73.86723422851625 40.86548337793927)
Baychester Av,"3,551",340,POINT (-73.83859099802153 40.87866300037311)
Bedford Park Blvd,"6,419",237,POINT (-73.88713799889574 40.87324399861646)
Bedford Park Blvd-Lehman College,"5,170",282,POINT (-73.89006400069478 40.87341199980121)
Bronx Park East,"2,498",382,POINT (-73.86835609178098 40.848768666338934)
Brook Av,"6,040",252,POINT (-73.91923999909432 40.80756599987699)
Buhre Av,"3,744",332,POINT (-73.83256900003744 40.846809998885504)
Burke Av,"3,234",352,POINT (-73.86705361747603 40.87125880254771)
Burnside Av,"10,231",156,POINT (-73.9076840015997 40.85345300155693)
Castle Hill Av,"6,483",234,POINT (-73.85122199961472 40.83425499825462)
Cypress Av,"3,651",336,POINT (-73.91404199994753 40.8053680007636)
East 143 St-St Mary's St,1019,416,POINT (-73.90765699936489 40.80871900090143)
East 149 St,"4,842",292,POINT (-73.90409799875945 40.81211799827203)
East 180 St,"7,175",213,POINT (-73.87334609510884 40.8418630412186)
Eastchester-Dyre Av,"4,506",309,POINT (-73.8308340021742 40.88829999901007)
Elder Av,"6,323",243,POINT (-73.87915899874777 40.82858400108929)
Fordham Rd,"10,395",153,POINT (-73.89774900102401 40.861295998683495)
Fordham Rd,"11,361",134,POINT (-73.90103399921699 40.86280299988937)
Freeman St,"4,451",313,POINT (-73.89175225349464 40.829987446384116)
Gun Hill Rd,"6,930",223,POINT (-73.86613410538703 40.877839385172024)
Gun Hill Rd,"5,362",274,POINT (-73.84638400151765 40.86952599962676)
Hunts Point Av,"10,460",150,POINT (-73.89054900017344 40.82094799852307)
Intervale Av,"3,130",364,POINT (-73.89661738461646 40.822142131170786)
Jackson Av,"5,288",278,POINT (-73.9077019387083 40.81643746686396)
Kingsbridge Rd,"8,992",171,POINT (-73.8935090000331 40.86697799999945)
Kingsbridge Rd,"7,922",190,POINT (-73.89717400101743 40.867760000885795)
Longwood Av,"3,395",346,POINT (-73.89643499897414 40.816103999972405)
Middletown Rd,"2,036",395,POINT (-73.83632199755944 40.84386300128381)
Morris Park,"2,417",385,POINT (-73.86049500117254 40.85436399966426)
Morrison Av-Soundview,"6,361",239,POINT (-73.87451599929486 40.82952100156747)
Mosholu Pkwy,"8,195",185,POINT (-73.88465499988732 40.87974999947229)
Mt Eden Av,"5,337",276,POINT (-73.9146849986034 40.84443400092679)
Nereid Av,"3,437",344,POINT (-73.8543153107622 40.898286515575286)
Norwood-205 St,"8,429",181,POINT (-73.87885499918691 40.87481100011182)
Parkchester,"15,660",90,POINT (-73.86081600108396 40.83322599927859)
Pelham Bay Park,"7,001",219,POINT (-73.82812100059289 40.85246199951662)
Pelham Pkwy,"8,472",180,POINT (-73.86748067850041 40.8571924091606)
Pelham Pkwy,"3,083",367,POINT (-73.85535900043564 40.858984999820116)
Prospect Av,"7,038",217,POINT (-73.99287200067424 40.66541366712979)
Simpson St,"8,477",178,POINT (-73.89306639507903 40.823976841237396)
St Lawrence Av,"4,040",321,POINT (-73.86761799923673 40.8315090005233)
Tremont Av,"10,398",152,POINT (-73.90522700122354 40.850409999510234)
Van Cortlandt Park-242 St,"7,742",193,POINT (-73.89858300049647 40.88924800011476)
Wakefield-241 St,"4,763",295,POINT (-73.8506199987954 40.903125000541245)
West Farms Sq-East Tremont Av,"6,866",226,POINT (-73.87996127877184 40.84020763241799)
Westchester Sq-East Tremont Av,"6,097",249,POINT (-73.84295199925012 40.839892001013915)
Whitlock Av,"1,894",399,POINT (-73.8862829985325 40.82652500055904)
Woodlawn,"6,937",222,POINT (-73.87875099990931 40.886037000253324)
Zerega Av,"2,629",379,POINT (-73.8470359987544 40.836488000608156)
15 St-Prospect Park,"6,136",247,POINT (-73.97973580592873 40.66003568810021)
18 Av,"6,136",248,POINT (-73.97697099965796 40.62975466638584)
18 Av,"3,947",325,POINT (-73.99045399865993 40.620686997680025)
18 Av,"3,097",366,POINT (-74.00159259239406 40.60773573171741)
20 Av,"4,905",288,POINT (-73.98452199846113 40.617108999866005)
20 Av,"3,514",341,POINT (-73.99817432157568 40.60467699816932)
25 Av,"5,083",284,POINT (-73.98682900011477 40.59770366695856)
25 St,"3,755",331,POINT (-73.99809099974297 40.66039666692321)
36 St,"13,493",111,POINT (-74.00354899951809 40.65514366633887)
4 Av /9 St,"12,560",123,POINT (-73.98977899938897 40.67027166728493)
45 St,"7,205",209,POINT (-74.01000600074939 40.648938666612814)
50 St,"3,195",359,POINT (-73.98384899986625 40.76172799961419)
53 St,"7,565",200,POINT (-74.01403399986317 40.64506866735981)
55 St,"2,185",388,POINT (-73.99534882595742 40.63147876093745)
59 St,"12,301",126,POINT (-74.01788099953987 40.6413616662838)
7 Av,"10,210",157,POINT (-73.98025117900944 40.66624469001985)
7 Av,"11,636",131,POINT (-73.97285279191024 40.67710217983294)
71 St,"5,607",267,POINT (-73.99884094850685 40.61925870977273)
77 St,"5,612",266,POINT (-73.95987399886047 40.77362000074615)
79 St,"6,177",245,POINT (-74.00058287431507 40.61315892569516)
8 Av,"11,474",133,POINT (-74.00257800104762 40.73977666638199)
86 St,"1,928",397,POINT (-73.97621799859327 40.78864400073892)
86 St,"11,338",136,POINT (-73.95177090964917 40.77786104333163)
9 Av,"5,344",275,POINT (-73.99444874451204 40.64648407726636)
Alabama Av,"2,147",389,POINT (-73.89852600159652 40.676998000003756)
Atlantic Av,"1,842",400,POINT (-73.9030969995401 40.67534466640805)
Atlantic Av-Barclays Ctr,"43,211",19,POINT (-73.97880999956767 40.683665667279435)
Avenue H,"3,418",345,POINT (-73.96151793942495 40.62920837758969)
Avenue I,"1,096",414,POINT (-73.97606933170925 40.62501744019143)
Avenue J ,"6,058",250,POINT (-73.96069316246925 40.625022819915166)
Avenue M ,"6,001",255,POINT (-73.9592431052215 40.617397744443736)
Avenue N ,"2,087",392,POINT (-73.97404850873143 40.61435671190883)
Avenue P ,"1,710",408,POINT (-73.97300281528751 40.608842808949916)
Avenue U ,"1,042",415,POINT (-73.97337641974885 40.59592482551748)
Avenue U ,"2,627",380,POINT (-73.97908400099428 40.597235999920436)
Avenue U ,"7,323",203,POINT (-73.95581122316301 40.59930895095475)
Avenue X ,"2,662",378,POINT (-73.97426599968905 40.589449666625285)
Bay 50 St ,"2,674",377,POINT (-73.98376500045946 40.58884066651933)
Bay Pkwy ,"7,719",194,POINT (-73.9936762000529 40.601950461572315)
Bay Pkwy ,623,421,POINT (-73.9752569782215 40.62073162316788)
Bay Pkwy ,"7,261",206,POINT (-73.98178001069293 40.61145578989005)
Bay Ridge Av ,"7,236",208,POINT (-74.02337699950728 40.63496666682377)
Bay Ridge-95 St ,"5,812",258,POINT (-74.03087600085765 40.61662166725951)
Bedford Av ,"26,603",39,POINT (-73.95666499806525 40.71717399858899)
Bedford-Nostrand Avs  ,"8,821",173,POINT (-73.95352200064022 40.68962700158444)
Bergen St ,"3,653",335,POINT (-73.97499915116808 40.68086213682956)
Bergen St ,"11,174",137,POINT (-73.99075649573565 40.68611054725977)
Beverley Rd,"3,350",349,POINT (-73.96435779623125 40.64390459860419)
Beverly Rd ,"4,255",319,POINT (-73.94884798381702 40.64512351894373)
Brighton Beach ,"12,065",128,POINT (-73.96135378598797 40.577710196642435)
Broadway ,"4,467",312,POINT (-73.95031225606621 40.706126576274166)
Broadway Junction ,"8,142",186,POINT (-73.90428999746412 40.67936600147369)
Bushwick Av-Aberdeen St ,"2,079",394,POINT (-73.90526176305106 40.68286062551184)
Canarsie-Rockaway Pkwy ,"11,947",130,POINT (-73.90185000017287 40.64665366739528)
Carroll St ,"11,562",132,POINT (-73.99494697998841 40.68027335170176)
Central Av ,"2,393",386,POINT (-73.92724299902838 40.69787300011831)
Chauncey St ,"3,387",347,POINT (-73.91038357033376 40.68285130087804)
Church Av ,"9,193",169,POINT (-73.94945514035334 40.6508606878022)
Church Av ,"16,528",82,POINT (-73.96288246192114 40.65049324646484)
Church Av ,"9,492",165,POINT (-73.97972116229084 40.64427200012998)
Clark St ,"5,275",279,POINT (-73.99308599821961 40.69746599996469)
Classon Av ,"5,301",277,POINT (-73.95999000137212 40.68888900026455)
Cleveland St ,"2,975",369,POINT (-73.8851940021643 40.679777998961164)
Clinton-Washington Avs  ,"7,068",215,POINT (-73.96583799857275 40.68326299912644)
Clinton-Washington Avs ,"5,025",286,POINT (-73.9667959986695 40.68809400106055)
Coney Island-Stillwell Av ,"13,203",115,POINT (-73.9812359981396 40.57728100006751)
Cortelyou Rd ,"6,276",244,POINT (-73.96379005505493 40.6409401651401)
Court St /Borough Hall ,"35,599",28,POINT (-73.99015100090539 40.692403999991036)
Crescent St ,"4,539",308,POINT (-73.87392925215778 40.68315265707736)
Crown Heights-Utica Av ,"25,336",48,POINT (-73.93293256081851 40.66897831107809)
Cypress Hills ,"1,457",411,POINT (-73.87332199882995 40.689616000838754)
DeKalb Av  ,"22,069",59,POINT (-73.98177094440949 40.690648119969794)
DeKalb Av ,"12,638",120,POINT (-73.91823200219723 40.70369299961644)
Ditmas Av  ,"3,904",328,POINT (-73.97817199965161 40.63611866666291)
East 105 St ,"3,798",329,POINT (-73.89954769388724 40.65046878544699)
Eastern Pkwy-Brooklyn Museum ,"4,637",303,POINT (-73.96422203748425 40.67203223545925)
Euclid Av ,"10,191",158,POINT (-73.87210600099675 40.675376998239365)
Flatbush Av-Brooklyn College  ,"19,763",68,POINT (-73.94754120734406 40.63284240700742)
Flushing Av ,"2,949",370,POINT (-73.9502340010257 40.70037666622154)
Flushing Av ,"8,336",183,POINT (-73.94137734838365 40.70040440298112)
Fort Hamilton Pkwy ,"3,936",326,POINT (-73.9942022375285 40.640912711444656)
Fort Hamilton Pkwy ,"5,807",260,POINT (-73.97577599917474 40.65078166803418)
Fort Hamilton Pkwy ,"3,232",353,POINT (-74.00535100046275 40.63138566722445)
Franklin Av /Botanic Garden ,"14,581",102,POINT (-73.9580997367769 40.67076515344894)
Franklin Av ,"6,358",240,POINT (-73.95684800014614 40.68137966658742)
Fulton St ,"5,462",271,POINT (-73.97537499833149 40.68711899950771)
Gates Av ,"7,255",207,POINT (-73.92215600150752 40.689583999013905)
Graham Av ,"9,959",160,POINT (-73.94394399869037 40.714575998363635)
Grand Army Plaza ,"7,188",211,POINT (-73.9709563319228 40.6752946951032)
Grand St ,"6,964",220,POINT (-73.94049699874644 40.71157600064823)
Grant Av ,"5,896",257,POINT (-73.86504999877702 40.67704400054478)
Greenpoint Av ,"9,509",164,POINT (-73.95442500146235 40.73126699971465)
Halsey St ,"6,579",233,POINT (-73.9166388842194 40.686415270704344)
Halsey St ,"8,386",182,POINT (-73.90393400118631 40.69551800114878)
Hewes St ,"2,782",374,POINT (-73.95348800038457 40.706889998054)
High St ,"10,281",155,POINT (-73.99053100065458 40.69933699977884)
Hoyt St ,"6,938",221,POINT (-73.98506379575646 40.69054418535472)
Hoyt-Schermerhorn Sts ,"10,540",148,POINT (-73.98503624034139 40.68840847580642)
Jay St-MetroTech ,"42,274",21,POINT (-73.98721815267317 40.692470636847084)
Jefferson St ,"7,674",196,POINT (-73.9229130000312 40.706606665988716)
Junius St ,"2,080",393,POINT (-73.90244864183562 40.66358900181724)
Kings Hwy ,"19,569",72,POINT (-73.95760873538083 40.608638645396006)
Kings Hwy ,"4,567",307,POINT (-73.9723553085244 40.603258405128265)
Kings Hwy  ,"3,328",351,POINT (-73.98037300229343 40.60405899980493)
Kingston Av ,"4,623",304,POINT (-73.94215978392963 40.66948144864978)
Kingston-Throop Avs ,"6,585",232,POINT (-73.94085899871263 40.67991899941601)
Knickerbocker Av ,"2,446",384,POINT (-73.91972000188625 40.69866000123805)
Kosciuszko St ,"6,144",246,POINT (-73.92850899927413 40.69317200129202)
Lafayette Av  ,"4,889",289,POINT (-73.97394599849406 40.68611300020567)
Liberty Av ,"2,754",375,POINT (-73.89654800103929 40.67454199987086)
Livonia Av ,"3,209",357,POINT (-73.90056237226057 40.66405727094644)
Lorimer St ,"4,837",293,POINT (-73.94735499884204 40.703844000042096)
Lorimer St /Metropolitan Av ,"14,299",108,POINT (-73.95024799996972 40.71407200064717)
Marcy Av ,"13,315",113,POINT (-73.95783200075729 40.708383000017925)
Montrose Av ,"6,884",225,POINT (-73.93979284713505 40.70739106438455)
Morgan Av ,"7,510",202,POINT (-73.93314700024209 40.70615166680729)
Myrtle Av ,"12,122",127,POINT (-73.9356230012996 40.6971950005145)
Myrtle-Willoughby Avs ,"5,736",263,POINT (-73.94906699890156 40.69461899903765)
Myrtle-Wyckoff Avs ,"21,241",63,POINT (-73.9109757182647 40.699471062427136)
Nassau Av ,"9,312",168,POINT (-73.95118300016523 40.724479997808274)
Neck Rd ,"4,405",315,POINT (-73.95507827493762 40.59532169111695)
Neptune Av ,"1,516",410,POINT (-73.97459272818807 40.580738758491464)
Nevins St ,"10,426",151,POINT (-73.98040679874578 40.68831058019022)
New Lots Av ,"5,573",268,POINT (-73.88411070800329 40.6663149325969)
New Lots Av ,"4,869",290,POINT (-73.89927796057142 40.65891477368527)
New Utrecht Av /62 St ,"4,673",302,POINT (-73.99635300025969 40.62484166725887)
Newkirk Av ,"7,312",204,POINT (-73.94829990822407 40.63999124275311)
Newkirk Plaza ,"10,534",149,POINT (-73.96269486837261 40.63514193733789)
Norwood Av ,"3,190",360,POINT (-73.87962599910783 40.68152000045683)
Nostrand Av ,"3,907",327,POINT (-73.9504262489579 40.66993815093054)
1 Av  ,"20,998",65,POINT (-73.98168087489128 40.73097497580066)
103 St,"5,444",272,POINT (-73.96137008267617 40.796060739904526)
103 St ,"12,569",122,POINT (-73.96837899960818 40.799446000334825)
103 St ,"13,285",114,POINT (-73.94747800152219 40.79060000008452)
110 St,"10,851",142,POINT (-73.94424999687163 40.795020000113105)
116 St,"10,707",147,POINT (-73.94962500096905 40.802097999133004)
116 St,"14,715",100,POINT (-73.9416169983714 40.7986290002001)
116 St,"7,613",198,POINT (-73.95479778057312 40.80505813344211)
116 St-Columbia University,"15,079",97,POINT (-73.96410999757751 40.807722001230864)
125 St,"7,679",195,POINT (-73.95837200097044 40.815580999978934)
125 St,"14,746",99,POINT (-73.94549500011411 40.807753999182815)
125 St,"27,605",37,POINT (-73.93759400055725 40.804138000587244)
125 St,"27,677",35,POINT (-73.95224799734774 40.811071672994565)
135 St,"14,343",106,POINT (-73.94077000106708 40.8142290003391)
135 St,"5,490",270,POINT (-73.94753480879213 40.817905559212676)
137 St-City College,"13,371",112,POINT (-73.95367600087873 40.82200799968475)
14 St /6 Av,"48,508",16,POINT (-73.99620899921355 40.73822799969515)
14 St /8 Av,"44,031",18,POINT (-74.00168999937027 40.740893000193296)
14 St-Union Sq,"103,572",4,POINT (-73.98995099881881 40.734673000996125)
145 St,"9,433",166,POINT (-73.95035999879713 40.82655099962194)
145 St ,"2,105",390,POINT (-73.93624499873299 40.82042099969279)
145 St ,"23,047",55,POINT (-73.94408792823116 40.824766360871905)
155 St ,"3,595",338,POINT (-73.93820899811622 40.8301349999812)
155 St ,"3,168",362,POINT (-73.94151400082208 40.83051799929251)
157 St ,"11,036",139,POINT (-73.94488999901047 40.8340410001399)
163 St-Amsterdam Av ,"1,711",407,POINT (-73.93989200188344 40.83601299923096)
168 St ,"26,138",42,POINT (-73.93956099985425 40.84071899990795)
175 St ,"12,580",121,POINT (-73.93970399761596 40.84739100072403)
18 St ,"8,860",172,POINT (-73.99787100060406 40.741039999802105)
181 St ,"11,342",135,POINT (-73.9335959996056 40.84950499974065)
181 St ,"10,760",146,POINT (-73.93796900205011 40.851694999744616)
190 St ,"4,574",306,POINT (-73.93417999964333 40.85902199892482)
191 St ,"8,032",189,POINT (-73.92941199742039 40.85522500175836)
2 Av ,"15,995",87,POINT (-73.98993800003434 40.72340166574911)
207 St ,"6,349",241,POINT (-73.91881900132312 40.864614000525854)
215 St ,"1,787",404,POINT (-73.91527899954356 40.86944399946045)
23 St ,"15,470",93,POINT (-73.9956570016487 40.74408099989751)
23 St ,"31,597",31,POINT (-73.98659900207888 40.739864000474604)
23 St ,"24,397",50,POINT (-73.99804100117201 40.74590599939995)
23 St ,"18,416",76,POINT (-73.99276500471389 40.742954317826005)
23 St ,"26,381",40,POINT (-73.98934400102907 40.74130266729)
28 St ,"14,797",98,POINT (-73.99336500134324 40.74721499918219)
28 St ,"12,019",129,POINT (-73.98426400110407 40.743069999259035)
28 St ,"14,302",107,POINT (-73.98869800128737 40.74545399979951)
3 Av ,"6,749",229,POINT (-73.98575000112093 40.73269099971662)
33 St ,"32,608",30,POINT (-73.98207600148947 40.74608099909145)
34 St-Herald Square ,"126,576",3,POINT (-73.9879368338264 40.74964456009442)
34 St-Hudson Yards,"10,789",145,POINT (-74.00219709442206 40.75544635961596)
34 St-Penn Station  ,"85,180",6,POINT (-73.99105699913983 40.75037300003949)
34 St-Penn Station  ,"80,346",7,POINT (-73.99339099970578 40.752287000775894)
42 St-Bryant Pk /5 Av,"55,872",12,POINT (-73.98459099904711 40.754184001312545)
47-50 Sts-Rockefeller Center ,"61,027",11,POINT (-73.98133100227702 40.75864100159815)
49 St ,"25,911",44,POINT (-73.98420956591096 40.759801973870694)
5 Av-53 St ,"27,612",36,POINT (-73.9752485052734 40.76008683231326)
5 Av-59 St ,"16,638",81,POINT (-73.97334700047045 40.764810999755284)
50 St ,"26,268",41,POINT (-73.98384899986625 40.76172799961419)
50 St ,"19,757",69,POINT (-73.98598400026407 40.76245599925997)
57 St  ,"7,638",197,POINT (-73.97736800085171 40.76408500081713)
57 St-7 Av ,"37,870",24,POINT (-73.98072973372128 40.76456552501829)
59 St-Columbus Circle ,"73,003",8,POINT (-73.98164872301398 40.768249531776064)
66 St-Lincoln Center ,"22,890",56,POINT (-73.98220899995783 40.77344000052039)
68 St-Hunter College ,"22,757",57,POINT (-73.96387000158042 40.76814100049679)
7 Av ,"17,947",77,POINT (-73.98025117900944 40.66624469001985)
72 St ,"39,477",23,POINT (-73.976336575218 40.77551939729258)
72 St ,"4,472",310,POINT (-73.98197000159583 40.77845300068614)
72 St ,"30,253",33,POINT (-73.95836178682246 40.76880251014895)
77 St ,"25,369",47,POINT (-73.95987399886047 40.77362000074615)
79 St ,"15,175",95,POINT (-73.97991700056134 40.78393399959032)
8 St-New York University ,"17,192",80,POINT (-73.99250799849149 40.73046499853991)
81 St-Museum of Natural History ,"15,383",94,POINT (-73.97209794937208 40.78134608418206)
86 St ,"19,325",73,POINT (-73.97621799859327 40.78864400073892)
86 St ,"43,169",20,POINT (-73.95558899985132 40.77949199820952)
Nostrand Av ,"17,437",79,POINT (-73.95042600099683 40.68043800006226)
Ocean Pkwy ,"3,199",358,POINT (-73.96850099975177 40.57631166708091)
Park Pl ,"1,725",406,POINT (-73.95762400074634 40.67477166685263)
Parksde Av ,"6,050",251,POINT (-73.96145343987648 40.65507304163716)
Pennylvania Av ,"4,331",316,POINT (-73.89488591154061 40.66471445143568)
President St ,"4,019",323,POINT (-73.95058920022207 40.667883603536815)
Prospect Av ,"5,523",269,POINT (-73.99287200067424 40.66541366712979)
Prospect Park ,"10,059",159,POINT (-73.96203130426609 40.6616334551018)
Ralph Av ,"5,768",261,POINT (-73.92078599933306 40.678822000873375)
Rockaway Av ,"4,747",297,POINT (-73.90895833584449 40.66261748815223)
Rockaway Av ,"5,667",265,POINT (-73.91194599726617 40.678339999883505)
Saratoga Av ,"5,246",280,POINT (-73.91633025007947 40.6615297898075)
Sheepshead Bay ,"13,946",109,POINT (-73.95405791257907 40.58654754707536)
Shepherd Av ,"3,182",361,POINT (-73.88074999747269 40.6741300014559)
Smith-9 Sts ,"4,689",300,POINT (-73.99589172790934 40.67364106090412)
Sterling St  ,"5,684",264,POINT (-73.95072891124937 40.6627729934283)
Sutter Av ,"4,029",322,POINT (-73.9019160004208 40.66914500061398)
Sutter Av-Rutland Rd ,"6,657",231,POINT (-73.92252118536001 40.66476678877493)
Union St ,"6,835",227,POINT (-73.98310999909673 40.67731566735096)
Utica Av  ,"16,121",85,POINT (-73.93072899914027 40.67936399950546)
Van Siclen Av ,"2,904",371,POINT (-73.88940491730106 40.665517963059635)
Van Siclen Av ,"3,021",368,POINT (-73.8903580002471 40.67270999906104)
Van Siclen Av  ,"2,678",376,POINT (-73.89165772702445 40.67802821447783)
West 8 St-New York Aquarium ,"2,469",383,POINT (-73.97595787413822 40.576033818103646)
Wilson Av ,"4,468",311,POINT (-73.90395860491864 40.68886654246024)
Winthrop St ,"7,262",205,POINT (-73.95007934590994 40.65665931376077)
York St ,"11,032",140,POINT (-73.98688499993673 40.699742667691574)
86 St,"6,007",253,POINT (-73.97818899936274 40.59246500088859)
86 St,"25,455",46,POINT (-73.95177090964917 40.77786104333163)
96 St,"36,026",27,POINT (-73.97232299915696 40.79391900121471)
96 St,"17,447",78,POINT (-73.9510700015425 40.78567199998607)
96 St,"9,924",162,POINT (-73.96460245687166 40.79161879767014)
96 St,"19,318",74,POINT (-73.9470660219183 40.784236650177654)
Astor Place,"16,031",86,POINT (-73.99106999861966 40.73005400028978)
Bowery,"3,738",333,POINT (-73.99380690654237 40.720246883147254)
Bowling Green,"28,646",34,POINT (-74.01400799803432 40.70491399928076)
Broad St,"7,050",216,POINT (-74.01105599991755 40.706476001106005)
Broadway-Lafayette St /Bleecker St,"36,493",25,POINT (-73.99620399876055 40.725296998738045)
Brooklyn Bridge-City Hall /Chambers St,"30,932",32,POINT (-74.00340673031336 40.71323378962671)
Canal St,"6,410",238,POINT (-74.0062770001748 40.72285399778783)
Canal St,"20,424",67,POINT (-74.0052290023424 40.72082400007119)
Canal St,"47,034",17,POINT (-74.00105471306033 40.718814263587134)
Cathedral Pkwy-110 St,"12,526",124,POINT (-73.9668470005456 40.80396699961484)
Cathedral Pkwy-110 St,"3,785",330,POINT (-73.95806670661364 40.800581558114956)
Central Park North-110 St,"8,815",174,POINT (-73.95182200176913 40.79907499977324)
Chambers St,"21,303",62,POINT (-74.00926600170112 40.71547800011327)
Chambers St /WTC /Park Place,"72,396",9,POINT (-74.00858473570133 40.714111000774025)
Christopher St-Sheridan Sq,"9,675",163,POINT (-74.00290599855235 40.73342200104225)
City Hall,"6,657",230,POINT (-74.00698581780337 40.71327233111697)
Delancey St /Essex St,"24,562",49,POINT (-73.98740940202974 40.71830605618619)
Dyckman St,"7,002",218,POINT (-73.92553600006474 40.86053100138796)
Dyckman St,"6,477",235,POINT (-73.92727099960726 40.865490998968916)
East Broadway,"13,868",110,POINT (-73.99017700122197 40.713855001020406)
Franklin St,"5,943",256,POINT (-74.00688600277107 40.719318001302135)
Fulton St,"92,990",5,POINT (-74.00793800110387 40.71002266658424)
Grand Central-42 St,"155,345",2,POINT (-73.9767132992584 40.75180742981634)
Grand St,"23,422",53,POINT (-73.99375299913589 40.71826699954992)
Harlem-148 St,"4,074",320,POINT (-73.93647000005559 40.82388000080457)
Houston St,"15,698",88,POINT (-74.00536700180581 40.728251000730204)
Inwood-207 St,"8,793",175,POINT (-73.91989900100465 40.86807199999737)
Lexington Av /59 St,"55,608",14,POINT (-73.9679670004732 40.762526000304575)
Lexington Av-53 St /51 St,"64,499",10,POINT (-73.96907237490204 40.75746830782865)
Lexington Av-63 St,"21,394",61,POINT (-73.96608964413245 40.76461809442373)
Marble Hill-225 St,"5,433",273,POINT (-73.90983099923551 40.87456099941789)
Prince St,"14,408",105,POINT (-73.99770200045987 40.72432866597571)
Rector St,"9,005",170,POINT (-74.01378300119742 40.707512999521775)
Rector St,"7,185",212,POINT (-74.01297456253795 40.707744756294474)
Roosevelt Island,"7,153",214,POINT (-73.95323499978866 40.75917199967108)
South Ferry /Whitehall St,"33,797",29,POINT (-74.01316895919258 40.701730507574474)
Spring St,"10,822",144,POINT (-73.99714100006673 40.72230099999366)
Spring St,"13,054",117,POINT (-74.00373899843763 40.72622700129312)
Times Sq-42 St /42 St,"204,017",1,POINT (-73.98749500051885 40.75528999995681)
Wall St,"23,968",52,POINT (-74.00909999844257 40.706820999753376)
Wall St,"19,745",70,POINT (-74.01186199860112 40.70755700086603)
West 4 St-Washington Sq,"40,666",22,POINT (-74.00030814755975 40.732254493367876)
WTC Cortland,"3,558",339,POINT (-74.01218800112292 40.7118350008202)
103 St-Corona Plaza,"19,682",71,POINT (-73.86269999830412 40.749865000555545)
104 St,"1,841",401,POINT (-73.83768300060997 40.681711001091195)
104 St,"1,587",409,POINT (-73.84443500029684 40.69516599823373)
111 St,"11,091",138,POINT (-73.85533399834884 40.75172999941711)
111 St,"2,596",381,POINT (-73.83216299845388 40.68433100001238)
111 St,"2,819",373,POINT (-73.83679338454697 40.697114810696476)
121 St,"1,354",412,POINT (-73.82834900017954 40.700481998515315)
169 St,"8,109",188,POINT (-73.79347419927721 40.710517502784)
21 St,"1,757",405,POINT (-73.9495999997552 40.7441286664954)
21 St-Queensbridge,"10,840",143,POINT (-73.94193761457447 40.75373927087553)
30 Av,"8,286",184,POINT (-73.9214790001739 40.76677866673298)
33 St-Rawson St,"11,029",141,POINT (-73.93099699953838 40.74458699983993)
36 Av,"5,073",285,POINT (-73.929861999118 40.7564420005104)
36 St,"5,177",281,POINT (-73.92901818461539 40.75196004401078)
39 Av-Dutch kills,"2,356",387,POINT (-73.93285137679598 40.75276306140845)
40 St-Lowery St,"9,954",161,POINT (-73.9240159984882 40.74378100149132)
46 St,"8,752",177,POINT (-73.91352174995538 40.756316952608096)
46 St-Bliss St,"12,828",118,POINT (-73.91843500103973 40.74313200060382)
52 St,"6,001",254,POINT (-73.91254899891254 40.744149001021576)
63 Dr-Rego Park,"15,574",92,POINT (-73.86161820097203 40.729763972422425)
65 St,"3,601",337,POINT (-73.8987883783301 40.74971952935675)
67 Av,"8,774",176,POINT (-73.85286048434907 40.726505475813006)
69 St,"4,679",301,POINT (-73.8964029993185 40.746324999410284)
74-Bway /Jackson Hts-Roosevelt Av,"51,766",15,POINT (-73.89129866519697 40.74653969115889)
75 Av,"3,455",343,POINT (-73.83692369387158 40.71804465348743)
75 St-Elderts Ln,"3,464",342,POINT (-73.86728799944963 40.691290001246735)
80 St,"4,316",317,POINT (-73.85899200206335 40.67937100115432)
82 St-Jackson Hts,"14,626",101,POINT (-73.88369700071884 40.747658999559135)
85 St-Forest Pkwy,"3,699",334,POINT (-73.86008700006875 40.69242699966103)
88 St,"2,835",372,POINT (-73.85147000026086 40.67984300135503)
90 St-Elmhurst Av,"16,253",84,POINT (-73.87661299986985 40.74840800060913)
Aqueduct Racetrack,"1,901",398,POINT (-73.83591899965162 40.672096999172844)
Aqueduct-North Conduit Av,921,417,POINT (-73.83405799948723 40.668234001699815)
Astoria Blvd,"14,425",104,POINT (-73.91809500109238 40.77003699949086)
Astoria-Ditmars Blvd,"15,663",89,POINT (-73.9120340001031 40.775035666523664)
Beach 105 St,261,424,POINT (-73.82758075034528 40.58326843810286)
Beach 25 St,"1,792",403,POINT (-73.76135299762073 40.60006600105881)
Beach 36 St,887,418,POINT (-73.76817499939688 40.59539800166876)
Beach 44 St,693,420,POINT (-73.77601299999507 40.59294299908617)
Beach 60 St,"2,013",396,POINT (-73.7885219980118 40.59237400121235)
Beach 67 St-Arverne By The Sea,"2,103",391,POINT (-73.7969239998421 40.59092700078133)
Beach 90 St,"1,097",413,POINT (-73.81365140419632 40.58809156457325)
Beach 98 St,481,422,POINT (-73.82052058959523 40.58538569133279)
Briarwood-Van Wyck Blvd,"4,913",287,POINT (-73.82069263637443 40.70916181536946)
Broad Channel,285,423,POINT (-73.81583268782963 40.60840218069683)
Broadway,"8,473",179,POINT (-73.92582299919906 40.761431998800546)
Court Sq,"23,995",51,POINT (-73.94605470266329 40.747768121414325)
Elmhurst Av,"12,463",125,POINT (-73.8820347465864 40.74237007972169)
Far Rockaway-MottAv,"4,435",314,POINT (-73.75540499924732 40.603995001687544)
Flushing-Main St,"55,669",13,POINT (-73.83003000262508 40.75959999915012)
Forest Av,"3,124",365,POINT (-73.90307500005954 40.70441200087814)
Forest Hills-71 Av,"26,613",38,POINT (-73.84451672012669 40.72159430953587)
Fresh Pond Rd,"4,716",299,POINT (-73.8958980017196 40.70622599823048)
Grand Av-Newtown,"18,489",75,POINT (-73.87722085669182 40.736813418197144)
Howard Beach-JFK Airport,"3,376",348,POINT (-73.83030100071032 40.66047600004959)
Hunters Point Av,"7,205",210,POINT (-73.9489160009391 40.74221599986316)
Jamaica Center-Parsons-Archer,"36,368",26,POINT (-73.80109632298924 40.70206737621188)
Jamaica-179 St,"21,452",60,POINT (-73.78381700176453 40.712645666744045)
Jamaica-Van Wyck,"4,717",298,POINT (-73.81701287135405 40.70289855287313)
Junction Blvd,"21,100",64,POINT (-73.86952700103515 40.74914499948836)
Kew Gardens-Union Turnpike,"25,536",45,POINT (-73.8303702709878 40.714034819571026)
Mets - Willets Point,"4,606",305,POINT (-73.8456249984179 40.75462199881262)
Middle Village - Metropolitan Av,"3,225",355,POINT (-73.88957722978091 40.711431305058255)
Northern Blvd,"6,904",224,POINT (-73.90606508052358 40.752824829236076)
Ozone Park - Lefferts Blvd,"7,591",199,POINT (-73.82579799906613 40.68595099878361)
Parsons Blvd,"6,462",236,POINT (-73.80328900021885 40.707571999615695)
Queens Plaza,"12,747",119,POINT (-73.93713823965695 40.74891771986323)
Queensboro Plaza,"14,517",103,POINT (-73.9401635351909 40.750635651014804)
Rockaway Blvd,"7,534",201,POINT (-73.91194599726617 40.678339999883505)
Rockaway Park-Beach 116 St,696,419,POINT (-73.90895833584449 40.66261748815223)
Seneca Av,"1,818",402,POINT (-73.90758199885423 40.70291899894902)
Steinway St,"15,590",91,POINT (-73.9205264716827 40.75698735912575)
Sutphin Blvd,"4,291",318,POINT (-73.81083299897232 40.70541799906764)
Sutphin Blvd-Archer Av-JFK Airport,"23,388",54,POINT (-73.80800471963833 40.700382424235)
Vernon Blvd - Jackson Av,"15,093",96,POINT (-73.95358099875249 40.74262599969749)
Woodhaven Blvd,"4,771",294,POINT (-73.85205199740794 40.69370399880105)
Woodhaven Blvd,"20,704",66,POINT (-73.86943208612348 40.73309737380972)
Woodside-61 St,"16,501",83,POINT (-73.90298400173006 40.745630001138395)