nta_id,NTAName,total_pop,mean_income,mean_rent,latinx_count,white_count,black_count,native_count,asian_count,naturalized_citizen_count,noncitizen_count,latinx_perc,white_perc,black_perc,native_perc,asian_perc,naturalized_citizen_perc,noncitizen_perc,eviction_count,sub_count,geometry
BK0101,Greenpoint,38260,122522.23076923077,2456.153846153846,6093,26599,889,23,1829,5588,4639,0.15925248301097752,0.6952169367485624,0.02323575535807632,6.011500261369577e-4,0.047804495556717196,0.1460533193936226,0.12124934657605854,153,2,"list(c(-73.944405, -73.941956, -73.941094, -73.940221, -73.939311, -73.938912, -73.936764, -73.934123, -73.931825, -73.937525, -73.93966, -73.940368, -73.942163, -73.947064, -73.95254, -73.952669, -73.955087, -73.95706, -73.962478, -73.962672, -73.962348, -73.962307, -73.962288, -73.961843, -73.96145, -73.961214, -73.961215, -73.961436, -73.961611, -73.95892, -73.957717, -73.956273, -73.954776, -73.951646, -73.950646, -73.949078, -73.948875, -73.948416, -73.947213, -73.946791, -73.944405, 40.72024, 
40.721652, 40.722309, 40.722892, 40.723348, 40.723579, 40.724839, 40.726855, 40.728482, 40.729815, 40.731487, 40.733269, 40.735678, 40.737516, 40.739228, 40.739258, 40.7394, 40.739167, 40.736802, 40.736446, 40.733812, 40.733119, 40.732899, 40.731625, 40.730994, 40.729508, 40.728151, 40.727298, 40.724951, 40.724351, 40.724298, 40.72339, 40.72246, 40.723486, 40.721705, 40.72254, 40.721292, 40.718455, 40.718561, 40.718821, 40.72024))"
BK0102,Williamsburg,64311,129706.69230769231,2705,18719,35270,1836,35,5219,7385,7845,0.29106995692805276,0.5484287291443144,0.028548770816812053,5.442303804947832e-4,0.08115252445149353,0.11483261028439924,0.12198535242804497,307,3,"list(c(-73.969613, -73.968389, -73.967289, -73.964849, -73.964421, -73.962743, -73.961144, -73.959395, -73.958456, -73.957904, -73.954017, -73.953378, -73.95191, -73.951086, -73.950237, -73.950406, -73.95053, -73.95066, -73.95083, -73.950875, -73.948655, -73.948892, -73.949372, -73.951624, -73.95291, -73.953485, -73.952754, -73.951842, -73.951144, -73.947213, -73.948416, -73.948875, -73.949078, -73.950646, -73.951646, -73.954776, -73.956273, -73.957717, -73.95892, -73.961611, -73.961543, -73.962645, 
-73.962787, -73.96355, -73.965704, -73.966511, -73.967578, -73.967716, -73.96837, -73.968469, -73.968861, -73.96905, -73.969612, -73.969941, -73.969613, 40.707634, 40.706829, 40.707002, 40.707454, 40.707534, 40.707685, 40.707524, 40.707352, 40.707252, 40.708427, 40.70708, 40.706857, 40.70636, 40.705913, 40.705473, 40.706653, 40.707391, 40.70817, 40.709143, 40.709513, 40.709725, 40.711168, 40.714067, 40.714066, 40.714061, 40.714069, 40.714736, 40.715442, 40.716035, 40.718561, 40.718455, 40.721292, 
40.72254, 40.721705, 40.723486, 40.72246, 40.72339, 40.724298, 40.724351, 40.724951, 40.723876, 40.722747, 40.722562, 40.721571, 40.718779, 40.717917, 40.716496, 40.71604, 40.714127, 40.712999, 40.71265, 40.712482, 40.71016, 40.70931, 40.707634))"
BK0103,South Williamsburg,46364,37724.1,1600.6,3710,38745,2898,0,365,3580,925,0.08001898024329221,0.8356699163143818,0.06250539211457165,0,0.00787248727460961,0.077215080666034,0.01995082391510655,65,3,"list(c(-73.950237, -73.951086, -73.95191, -73.953378, -73.954017, -73.957904, -73.958456, -73.959395, -73.961144, -73.962743, -73.964421, -73.964849, -73.967289, -73.968389, -73.967951, -73.96721, -73.965204, -73.962576, -73.962179, -73.962368, -73.962839, -73.961051, -73.958858, -73.95702, -73.95337, -73.950091, -73.944388, -73.941931, -73.942201, -73.944005, -73.945855, -73.947052, -73.949254, -73.949836, -73.950237, 40.705473, 40.705913, 40.70636, 40.706857, 40.70708, 40.708427, 40.707252, 40.707352, 
40.707524, 40.707685, 40.707534, 40.707454, 40.707002, 40.706829, 40.705731, 40.704256, 40.702623, 40.700514, 40.700221, 40.699597, 40.698039, 40.698326, 40.698677, 40.698974, 40.699405, 40.699791, 40.700425, 40.700725, 40.700891, 40.701962, 40.702987, 40.703664, 40.704896, 40.705229, 40.705473))"
BK0104,East Williamsburg,52600,85232.26666666666,1883.6666666666667,19468,19048,7171,94,4991,6789,6031,0.37011406844106465,0.3621292775665399,0.13633079847908744,0.0017870722433460076,0.09488593155893536,0.12906844106463877,0.11465779467680608,283,6,"list(c(-73.946791, -73.947213, -73.951144, -73.951842, -73.952754, -73.953485, -73.95291, -73.951624, -73.949372, -73.948892, -73.948655, -73.950875, -73.95083, -73.95066, -73.95053, -73.950406, -73.950237, -73.949836, -73.949254, -73.947052, -73.945855, -73.944005, -73.942201, -73.941931, -73.94042, -73.93763, -73.936982, -73.933951, -73.933523, -73.932698, -73.931155, -73.928738, -73.926089, -73.924169, -73.921892, -73.920745, -73.922233, -73.92404, -73.924327, -73.922711, -73.924278, -73.92418, 
-73.927171, -73.927801, -73.929058, -73.931825, -73.934123, -73.936764, -73.938912, -73.939311, -73.940221, -73.941094, -73.941956, -73.944405, -73.946791, 40.718821, 40.718561, 40.716035, 40.715442, 40.714736, 40.714069, 40.714061, 40.714066, 40.714067, 40.711168, 40.709725, 40.709513, 40.709143, 40.70817, 40.707391, 40.706653, 40.705473, 40.705229, 40.704896, 40.703664, 40.702987, 40.701962, 40.700891, 40.700725, 40.701077, 40.701739, 40.70191, 40.702674, 40.702849, 40.703171, 40.703773, 40.704717, 
40.70568, 40.707394, 40.709396, 40.71053, 40.712854, 40.714008, 40.715568, 40.716478, 40.718536, 40.72002, 40.725233, 40.726494, 40.727688, 40.728482, 40.726855, 40.724839, 40.723579, 40.723348, 40.722892, 40.722309, 40.721652, 40.72024, 40.718821))"
BK0201,Brooklyn Heights,25277,177911.5,2764.6666666666665,1789,18232,1510,38,2114,2011,1887,0.07077580409067531,0.7212881275467816,0.059738101831704714,0.001503342960003165,0.08363334256438659,0.07955849190964118,0.0746528464612098,38,2,"list(c(-74.000701, -74.000959, -74.001744, -74.000315, -73.997793, -73.996233, -73.994361, -73.992364, -73.990686, -73.990096, -73.989662, -73.989261, -73.988932, -73.990972, -73.990663, -73.990746, -73.991365, -73.991409, -73.990935, -73.99129, -73.992612, -73.993267, -73.995069, -73.995138, -73.9977471780287, -73.998459260799, -73.9975, -73.998032, -73.998847, -73.999461, -74.000277, -74.000701, 40.694388, 40.694069, 40.692407, 40.691875, 40.691188, 40.690758, 40.690239, 40.68969, 40.689142, 40.689706, 
40.690334, 40.690977, 40.692086, 40.692549, 40.694561, 40.695034, 40.69701, 40.698632, 40.700767, 40.701049, 40.702061, 40.702435, 40.703102, 40.70298, 40.7013494582089, 40.7003103900978, 40.699653, 40.698762, 40.697141, 40.69628, 40.694959, 40.694388))"
BK0202,Downtown Brooklyn-DUMBO-Boerum Hill,39872,148509.36363636365,3002.3636363636365,5648,19366,5484,21,7148,4307,5717,0.14165329052969503,0.485704253611557,0.13754012841091492,5.26685393258427e-4,0.1792736757624398,0.10802066613162119,0.14338382825040127,254,12,"list(c(-73.993269, -73.993338, -73.99393, -73.991332, -73.989129, -73.988712, -73.988289, -73.986119, -73.983953, -73.981993, -73.979605, -73.978743, -73.978337, -73.978026, -73.979363, -73.980559, -73.98087, -73.982893, -73.983506, -73.982664, -73.98136, -73.982079, -73.981741, -73.982395, -73.982512, -73.979168, -73.980139, -73.980356, -73.980388, -73.980515, -73.980544, -73.980462, -73.980729, -73.979171, -73.979233, -73.980907, -73.980987, -73.982033, -73.984189, -73.98653, -73.987271, -73.989381, 
-73.989495, -73.992722, -73.993693, -73.994498, -73.995069, -73.993267, -73.992612, -73.99129, -73.990935, -73.991409, -73.991365, -73.990746, -73.990663, -73.990972, -73.988932, -73.989261, -73.989662, -73.990096, -73.990686, -73.992364, -73.993005, -73.993269, 40.687825, 40.687679, 40.686453, 40.685448, 40.68459, 40.685224, 40.685869, 40.685024, 40.684182, 40.683418, 40.682489, 40.68376, 40.684395, 40.684864, 40.686682, 40.688351, 40.688866, 40.689674, 40.689921, 40.689983, 40.689928, 40.691292, 
40.692023, 40.692973, 40.693614, 40.693489, 40.694683, 40.696178, 40.696507, 40.697437, 40.698246, 40.699703, 40.701268, 40.705301, 40.705769, 40.705907, 40.705374, 40.705515, 40.705582, 40.704979, 40.705181, 40.705137, 40.705145, 40.705544, 40.704476, 40.704318, 40.703102, 40.702435, 40.702061, 40.701049, 40.700767, 40.698632, 40.69701, 40.695034, 40.694561, 40.692549, 40.692086, 40.690977, 40.690334, 40.689706, 40.689142, 40.68969, 40.688364, 40.687825))"
BK0203,Fort Greene,34036,117434.5,2241.5,5010,11794,9998,83,4042,4202,3040,0.147197085438947,0.3465154542249383,0.2937477964508168,0.002438594429427665,0.11875661064754965,0.12345751557174756,0.08931719355976026,231,4,"list(c(-73.969399, -73.967416, -73.965156, -73.964551, -73.963199, -73.962839, -73.965774, -73.969728, -73.976787, -73.980544, -73.980515, -73.980388, -73.980356, -73.980139, -73.979168, -73.982512, -73.982395, -73.981741, -73.982079, -73.98136, -73.982664, -73.983506, -73.982893, -73.98087, -73.980559, -73.979363, -73.978026, -73.977457, -73.975929, -73.97378, -73.972324, -73.971742, -73.97064, -73.968664, -73.969062, -73.96949, -73.969783, -73.970131, -73.969103, -73.969831, -73.96881, -73.969399, 
40.696093, 40.696028, 40.695972, 40.696107, 40.6971, 40.698039, 40.697636, 40.697804, 40.698087, 40.698246, 40.697437, 40.696507, 40.696178, 40.694683, 40.693489, 40.693614, 40.692973, 40.692023, 40.691292, 40.689928, 40.689983, 40.689921, 40.689674, 40.688866, 40.688351, 40.686682, 40.684864, 40.684052, 40.683505, 40.683061, 40.682768, 40.682646, 40.682414, 40.682, 40.684157, 40.686288, 40.687752, 40.689506, 40.689468, 40.693135, 40.693121, 40.696093))"
BK0204,Clinton Hill,27123,123089.42857142857,2466.285714285714,3576,12848,6652,119,2279,2789,2411,0.1318438225859971,0.473693912915238,0.24525310621981344,0.004387420270619032,0.08402462854404011,0.10282785827526454,0.08889134682741584,168,3,"list(c(-73.960006, -73.960293, -73.959428, -73.959844, -73.960158, -73.961051, -73.962839, -73.963199, -73.964551, -73.965156, -73.967416, -73.969399, -73.96881, -73.969831, -73.969103, -73.970131, -73.969783, -73.96949, -73.969062, -73.968664, -73.967477, -73.964454, -73.961312, -73.961611, -73.961671, -73.959785, -73.958841, -73.959276, -73.959568, -73.959714, -73.960006, 40.688881, 40.690346, 40.690448, 40.69253, 40.694117, 40.698326, 40.698039, 40.6971, 40.696107, 40.695972, 40.696028, 40.696093, 
40.693121, 40.693135, 40.689468, 40.689506, 40.687752, 40.686288, 40.684157, 40.682, 40.681754, 40.681125, 40.680456, 40.682375, 40.682691, 40.682909, 40.683018, 40.685217, 40.686683, 40.687416, 40.688881))"
BK0301,Bedford-Stuyvesant (West),89800,79974.42857142857,2011.7619047619048,17938,34525,28396,56,3983,8719,7413,0.19975501113585747,0.3844654788418708,0.31621380846325164,6.236080178173719e-4,0.04435412026726058,0.0970935412026726,0.08255011135857461,779,6,"list(c(-73.959568, -73.959276, -73.958841, -73.959785, -73.961671, -73.961611, -73.961312, -73.958292, -73.955642, -73.955309, -73.953005, -73.952053, -73.949679, -73.946911, -73.944141, -73.944048, -73.943973, -73.943262, -73.940328, -73.940477, -73.94062, -73.940769, -73.940914, -73.941058, -73.941204, -73.941348, -73.941494, -73.94164, -73.941785, -73.941932, -73.942076, -73.942222, -73.942369, -73.942516, -73.942662, -73.942951, -73.9431, -73.943243, -73.943388, -73.943526, -73.943949, -73.944096, 
-73.944388, -73.950091, -73.95337, -73.95702, -73.958858, -73.961051, -73.960158, -73.959844, -73.959428, -73.960293, -73.960006, -73.959714, -73.959568, 40.686683, 40.685217, 40.683018, 40.682909, 40.682691, 40.682375, 40.680456, 40.679831, 40.679258, 40.679273, 40.678815, 40.678675, 40.678566, 40.678392, 40.678237, 40.679336, 40.680088, 40.680051, 40.67989, 40.680635, 40.68137, 40.6821, 40.682833, 40.683567, 40.6843, 40.685031, 40.685764, 40.686497, 40.687228, 40.687963, 40.688697, 40.689428, 40.69016, 
40.690892, 40.691624, 40.693091, 40.693823, 40.694558, 40.695289, 40.696031, 40.698222, 40.698973, 40.700425, 40.699791, 40.699405, 40.698974, 40.698677, 40.698326, 40.694117, 40.69253, 40.690448, 40.690346, 40.688881, 40.687416, 40.686683))"
BK0302,Bedford-Stuyvesant (East),92641,69922.65217391304,1748.608695652174,14217,15732,55070,75,3130,11620,7563,0.15346336935050356,0.16981681976662602,0.5944452240368735,8.095767532733887e-4,0.03378633650327609,0.12543042497382367,0.0816377198000885,1093,4,"list(c(-73.942951, -73.942662, -73.942516, -73.942369, -73.942222, -73.942076, -73.941932, -73.941785, -73.94164, -73.941494, -73.941348, -73.941204, -73.941058, -73.940914, -73.940769, -73.94062, -73.940477, -73.940328, -73.943262, -73.943973, -73.944048, -73.944141, -73.941369, -73.938593, -73.935858, -73.930322, -73.926594, -73.924765, -73.921816, -73.921711, -73.921646, -73.916301, -73.916393, -73.91654, -73.916687, -73.916831, -73.916977, -73.917122, -73.917266, -73.917558, -73.917701, -73.91785, 
-73.917996, -73.918046, -73.918294, -73.918783, -73.919061, -73.92055, -73.921214, -73.923644, -73.924392, -73.927071, -73.927507, -73.927811, -73.931145, -73.931458, -73.931929, -73.933118, -73.935222, -73.93676, -73.938177, -73.938568, -73.938902, -73.941931, -73.944388, -73.944096, -73.943949, -73.943526, -73.943388, -73.943243, -73.9431, -73.942951, 40.693091, 40.691624, 40.690892, 40.69016, 40.689428, 40.688697, 40.687963, 40.687228, 40.686497, 40.685764, 40.685031, 40.6843, 40.683567, 40.682833, 
40.6821, 40.68137, 40.680635, 40.67989, 40.680051, 40.680088, 40.679336, 40.678237, 40.678093, 40.67797, 40.677817, 40.677485, 40.677278, 40.677173, 40.677019, 40.678116, 40.67887, 40.678577, 40.678906, 40.679637, 40.680371, 40.681101, 40.681834, 40.682568, 40.683303, 40.684767, 40.6855, 40.686233, 40.686965, 40.687213, 40.687357, 40.687626, 40.687784, 40.688641, 40.689019, 40.690399, 40.690831, 40.692346, 40.692604, 40.692774, 40.694674, 40.694855, 40.695115, 40.695791, 40.696986, 40.697831, 40.698641, 
40.698848, 40.699037, 40.700725, 40.700425, 40.698973, 40.698222, 40.696031, 40.695289, 40.694558, 40.693823, 40.693091))"
BK0401,Bushwick (West),54804,87321.84615384616,2200.5384615384614,29429,15788,3389,123,4017,7678,9134,0.5369863513612145,0.2880811619589811,0.061838551930516024,0.0022443617254215022,0.07329756952047296,0.14009926282753082,0.16666666666666666,439,4,"list(c(-73.931155, -73.932698, -73.933523, -73.933951, -73.936982, -73.93763, -73.94042, -73.941931, -73.938902, -73.938568, -73.938177, -73.93676, -73.935222, -73.933118, -73.931929, -73.931458, -73.931145, -73.927811, -73.926481, -73.927497, -73.926499, -73.92575, -73.924995, -73.924249, -73.920824, -73.920074, -73.919321, -73.917872, -73.916316, -73.915565, -73.914815, -73.914061, -73.911422, -73.912904, -73.911807, -73.913292, -73.914031, -73.914771, -73.915513, -73.916253, -73.917737, -73.919222, 
-73.91996, -73.921892, -73.924169, -73.926089, -73.928738, -73.931155, 40.703773, 40.703171, 40.702849, 40.702674, 40.70191, 40.701739, 40.701077, 40.700725, 40.699037, 40.698848, 40.698641, 40.697831, 40.696986, 40.695791, 40.695115, 40.694855, 40.694674, 40.692774, 40.694141, 40.694697, 40.695712, 40.695285, 40.694855, 40.694429, 40.697918, 40.69749, 40.697061, 40.698537, 40.700122, 40.699693, 40.699266, 40.698838, 40.701487, 40.702362, 40.703435, 40.704313, 40.704749, 40.705189, 40.705626, 40.706066, 
40.706943, 40.707815, 40.708257, 40.709396, 40.707394, 40.70568, 40.704717, 40.703773))"
BK0402,Bushwick (East),60220,65976.875,1864.5,28736,10620,15783,0,2625,10405,7982,0.47718365991364997,0.17635337097309864,0.2620890069744271,0,0.043590169378943874,0.17278312852872799,0.13254732646961143,617,7,"list(c(-73.905433, -73.904494, -73.905343, -73.904142, -73.901805, -73.901241, -73.902073, -73.904288, -73.905043, -73.9058, -73.904914, -73.90426, -73.906117, -73.908022, -73.908774, -73.911036, -73.911808, -73.910679, -73.911422, -73.914061, -73.914815, -73.915565, -73.916316, -73.917872, -73.919321, -73.920074, -73.920824, -73.924249, -73.924995, -73.92575, -73.926499, -73.927497, -73.926481, -73.927811, -73.927507, -73.927071, -73.924392, -73.923644, -73.921214, -73.92055, -73.919061, -73.918783, 
-73.918294, -73.918046, -73.916046, -73.91529, -73.913037, -73.912273, -73.911512, -73.909275, -73.90886, -73.908517, -73.907018, -73.905493, -73.904046, -73.902622, -73.902822, -73.905433, 40.68366, 40.686299, 40.68682, 40.688568, 40.690766, 40.691438, 40.691999, 40.693278, 40.693704, 40.694128, 40.695074, 40.6957, 40.69675, 40.697825, 40.698255, 40.699532, 40.699938, 40.701046, 40.701487, 40.698838, 40.699266, 40.699693, 40.700122, 40.698537, 40.697061, 40.69749, 40.697918, 40.694429, 40.694855, 
40.695285, 40.695712, 40.694697, 40.694141, 40.692774, 40.692604, 40.692346, 40.690831, 40.690399, 40.689019, 40.688641, 40.687784, 40.687626, 40.687357, 40.687213, 40.686072, 40.685645, 40.684368, 40.683935, 40.683505, 40.682235, 40.681994, 40.681804, 40.680948, 40.680037, 40.67922, 40.680664, 40.682353, 40.68366))"
BK0501,Cypress Hills,42300,64868,1740.5714285714287,29524,1641,7444,0,1744,11676,6972,0.697966903073286,0.038794326241134755,0.17598108747044916,0,0.041229314420803784,0.27602836879432624,0.164822695035461,484,4,"list(c(-73.882203, -73.886505, -73.888191, -73.888924, -73.889607, -73.89014, -73.892523, -73.8942, -73.896518, -73.896615, -73.897494, -73.900283, -73.902622, -73.904046, -73.903466, -73.900627, -73.89999, -73.898151, -73.897601, -73.896537, -73.896218, -73.892579, -73.891672, -73.889875, -73.889006, -73.888593, -73.888256, -73.884854, -73.883226, -73.882331, -73.880505, -73.881056, -73.880609, -73.878379, -73.877429, -73.877339, -73.873604, -73.873276, -73.8712, -73.87157, -73.869808, -73.868132, 
-73.866295, -73.866598, -73.867018, -73.867277, -73.868059, -73.870128, -73.870948, -73.872603, -73.874054, -73.876681, -73.879075, -73.882203, 40.68536, 40.683349, 40.682556, 40.683126, 40.684214, 40.685005, 40.683424, 40.685309, 40.682397, 40.682008, 40.680074, 40.679442, 40.680664, 40.67922, 40.678897, 40.677265, 40.6769, 40.677768, 40.678099, 40.678594, 40.677358, 40.6779, 40.678031, 40.678302, 40.678557, 40.676956, 40.675625, 40.676129, 40.67637, 40.676501, 40.676766, 40.678984, 40.679111, 40.679742, 
40.680017, 40.680055, 40.681121, 40.679921, 40.680222, 40.681686, 40.682187, 40.682666, 40.683189, 40.68527, 40.68683, 40.687745, 40.691184, 40.690709, 40.690502, 40.689921, 40.689299, 40.688088, 40.686882, 40.68536))"
BK0502,East New York (North),44062,57648.07692307692,1519.4615384615386,14673,1029,24254,15,1570,8789,5211,0.33300803413372065,0.023353456493123325,0.550451636330625,3.404293949434887e-4,0.03563161000408515,0.19946893014388817,0.11826517180336799,836,6,"list(c(-73.884854, -73.888256, -73.888593, -73.889006, -73.889875, -73.891672, -73.892579, -73.896218, -73.896537, -73.897601, -73.898151, -73.89999, -73.902535, -73.903475, -73.902289, -73.901982, -73.901668, -73.900851, -73.899076, -73.897233, -73.896316, -73.894439, -73.893446, -73.892526, -73.890694, -73.88977, -73.888889, -73.886183, -73.883597, -73.882782, -73.878489, -73.878871, -73.874231, -73.874624, -73.874957, -73.875275, -73.875588, -73.876565, -73.877339, -73.877429, -73.878379, -73.880609, 
-73.881056, -73.880505, -73.882331, -73.883226, -73.884854, 40.676129, 40.675625, 40.676956, 40.678557, 40.678302, 40.678031, 40.6779, 40.677358, 40.678594, 40.678099, 40.677768, 40.6769, 40.675884, 40.675507, 40.670936, 40.66967, 40.668413, 40.665346, 40.665608, 40.665878, 40.666019, 40.666297, 40.666446, 40.666581, 40.666852, 40.66699, 40.66712, 40.667521, 40.667905, 40.668026, 40.668655, 40.670195, 40.670863, 40.672389, 40.673651, 40.674918, 40.676189, 40.68018, 40.680055, 40.680017, 40.679742, 
40.679111, 40.678984, 40.676766, 40.676501, 40.67637, 40.676129))"
BK0503,East New York-New Lots,53067,57332.92857142857,1438.5,11813,625,37914,14,596,11354,5813,0.22260538564456253,0.01177756421128008,0.7144553112103568,2.6381743833267377e-4,0.011231085231876685,0.21395594248779845,0.10954076921627377,929,4,"list(c(-73.883597, -73.886183, -73.888889, -73.88977, -73.890694, -73.892526, -73.893446, -73.894439, -73.896316, -73.897233, -73.899076, -73.900851, -73.900417, -73.901451, -73.900661, -73.899652, -73.899217, -73.898807, -73.899041, -73.899967, -73.900303, -73.903173, -73.906916, -73.907856, -73.9074, -73.908558, -73.909449, -73.908681, -73.907615, -73.9058, -73.903982, -73.900892, -73.897943, -73.895861, -73.89761, -73.893547, -73.891366, -73.889994, -73.886282, -73.884653, -73.882213, -73.879733, 
-73.878117, -73.869156, -73.867181, -73.868367, -73.869485, -73.871875, -73.872841, -73.8738, -73.874231, -73.878871, -73.878489, -73.882782, -73.883597, 40.667905, 40.667521, 40.66712, 40.66699, 40.666852, 40.666581, 40.666446, 40.666297, 40.666019, 40.665878, 40.665608, 40.665346, 40.663806, 40.663659, 40.660587, 40.660735, 40.659112, 40.657407, 40.657372, 40.657285, 40.657263, 40.655301, 40.654732, 40.654589, 40.652844, 40.652096, 40.651522, 40.650717, 40.649896, 40.648265, 40.646629, 40.648641, 
40.650515, 40.651881, 40.653454, 40.655202, 40.652365, 40.651138, 40.652756, 40.653451, 40.654498, 40.655563, 40.65626, 40.660119, 40.660452, 40.662015, 40.663546, 40.666764, 40.668032, 40.669335, 40.670863, 40.670195, 40.668655, 40.668026, 40.667905))"
BK0504,Spring Creek-Starrett City,16808,43192,981.6666666666666,2674,2528,10378,19,444,4807,632,0.1590909090909091,0.1504045692527368,0.617444074250357,0.0011304140885292717,0.02641599238457877,0.2859947643979058,0.0376011423131842,243,1,"list(c(-73.891252, -73.889587, -73.880739, -73.878814, -73.878497, -73.877848, -73.876082, -73.874892, -73.873384, -73.870893, -73.860483, -73.860676, -73.863815, -73.867181, -73.869156, -73.878117, -73.879733, -73.882213, -73.884653, -73.886282, -73.889994, -73.891252, 40.650026, 40.648111, 40.639613, 40.637942, 40.638575, 40.639904, 40.643293, 40.645095, 40.646821, 40.648807, 40.654659, 40.654868, 40.656029, 40.660452, 40.660119, 40.65626, 40.655563, 40.654498, 40.653451, 40.652756, 40.651138, 
40.650026))"
BK0505,East New York-City Line,49066,53892.5,1387.5,11718,1061,28510,0,5686,12658,5339,0.23882117963559288,0.021623935107813966,0.581054090408837,0,0.11588472669465617,0.2579790486283781,0.1088126197366812,693,2,"list(c(-73.874231, -73.8738, -73.872841, -73.871875, -73.869485, -73.868367, -73.867181, -73.863815, -73.860676, -73.863171, -73.86036, -73.857615, -73.858025, -73.85843, -73.855685, -73.856063, -73.856425, -73.856847, -73.857282, -73.858555, -73.859474, -73.860389, -73.860775, -73.861077, -73.861064, -73.861318, -73.861712, -73.862028, -73.863349, -73.863787, -73.864101, -73.866027, -73.866295, -73.868132, -73.869808, -73.87157, -73.8712, -73.873276, -73.873604, -73.877339, -73.876565, -73.875588, 
-73.875275, -73.874957, -73.874624, -73.874231, 40.670863, 40.669335, 40.668032, 40.666764, 40.663546, 40.662015, 40.660452, 40.656029, 40.654868, 40.658277, 40.659646, 40.660119, 40.661721, 40.663453, 40.663867, 40.665511, 40.667033, 40.668603, 40.670312, 40.671533, 40.671381, 40.671269, 40.672806, 40.674021, 40.674343, 40.675021, 40.676611, 40.677886, 40.679352, 40.681114, 40.682373, 40.681918, 40.683189, 40.682666, 40.682187, 40.681686, 40.680222, 40.679921, 40.681121, 40.680055, 40.68018, 40.676189, 
40.674918, 40.673651, 40.672389, 40.670863))"
BK0601,Carroll Gardens-Cobble Hill-Gowanus-Red Hook,61436,145970.05263157896,2396.6315789473683,10595,34176,8197,74,3780,5904,5241,0.17245588905527703,0.5562862165505567,0.13342339996093497,0.0012045055016602644,0.061527443192916205,0.09610000651084055,0.08530828830001953,242,4,"list(c(-74.0186922654251, -74.018828, -74.0188427622718, -74.0188525052937, -74.0188634657966, -74.018863492051, -74.0188666675375, -74.018868, -74.0187747928804, -74.017819, -74.0165442762381, -74.0164295017872, -74.016021, -74.011663, -74.0099637126689, -74.009855, -74.0069998961626, -74.0060421332284, -74.0026923630755, -74.002315, -74.0021899851848, -74.001454, -74.000175, -73.999457, -73.999021, -73.998619, -73.998457, -73.996528, -73.994845, -73.99277, -73.991734, -73.99073, -73.990226, -73.989723, 
-73.989222, -73.989047, -73.988726, -73.987715, -73.987211, -73.986709, -73.985707, -73.984702, -73.984199, -73.983901, -73.983472, -73.983041, -73.982182, -73.981755, -73.981324, -73.980894, -73.980463, -73.980034, -73.979605, -73.981993, -73.983953, -73.986119, -73.988289, -73.988712, -73.989129, -73.991332, -73.99393, -73.993338, -73.993269, -73.993005, -73.992364, -73.994361, -73.996233, -73.997793, -74.000315, -74.001744, -74.001969, -74.000699, -74.001963, -74.002993, -74.003409, -74.004593, 
-74.00563, -74.0073972783105, -74.008243, -74.0083751072696, -74.0186922654251, 40.6796775691949, 40.679595, 40.676534781044, 40.6745150526063, 40.6722429403528, 40.6722374978321, 40.6715792194765, 40.671303, 40.6708069319843, 40.66572, 40.6649784198804, 40.6649116489819, 40.664674, 40.66515, 40.6684160528073, 40.668625, 40.6682141528298, 40.6680763315057, 40.6675943022463, 40.66754, 40.6673397393008, 40.667633, 40.668601, 40.67014, 40.671429, 40.67183, 40.671568, 40.668894, 40.666805, 40.665507, 
40.666736, 40.667941, 40.668544, 40.669146, 40.669749, 40.669958, 40.670342, 40.671557, 40.672161, 40.672767, 40.673966, 40.675173, 40.675774, 40.676148, 40.676781, 40.677417, 40.678686, 40.679317, 40.679952, 40.680587, 40.681221, 40.681854, 40.682489, 40.683418, 40.684182, 40.685024, 40.685869, 40.685224, 40.68459, 40.685448, 40.686453, 40.687679, 40.687825, 40.688364, 40.68969, 40.690239, 40.690758, 40.691188, 40.691875, 40.692407, 40.691843, 40.690612, 40.690136, 40.690427, 40.689613, 40.688215, 
40.686784, 40.6872680734462, 40.686034, 40.6859536373444, 40.6796775691949))"
BK0602,Park Slope,59225,183321.3125,2868.875,7080,40136,3244,24,5467,5426,4548,0.11954411143942592,0.6776867876741242,0.0547741663149008,4.0523427606585055e-4,0.09230899113550022,0.09161671591388772,0.07679189531447868,103,4,"list(c(-73.988726, -73.989047, -73.989222, -73.989723, -73.990226, -73.99073, -73.991734, -73.989312, -73.986951, -73.984591, -73.982231, -73.980171, -73.979654, -73.978349, -73.977343, -73.976334, -73.975337, -73.974331, -73.973323, -73.97282, -73.971325, -73.970409, -73.968924, -73.968731, -73.968999, -73.969693, -73.969498, -73.971904, -73.973687, -73.97618, -73.975321, -73.974958, -73.974692, -73.974504, -73.973952, -73.97378, -73.975929, -73.977457, -73.978026, -73.978337, -73.978743, -73.979605, 
-73.980034, -73.980463, -73.980894, -73.981324, -73.981755, -73.982182, -73.983041, -73.983472, -73.983901, -73.984199, -73.984702, -73.985707, -73.986709, -73.987211, -73.987715, -73.988726, 40.670342, 40.669958, 40.669749, 40.669146, 40.668544, 40.667941, 40.666736, 40.665567, 40.664425, 40.663284, 40.662142, 40.661155, 40.661241, 40.662799, 40.664012, 40.665214, 40.666419, 40.667621, 40.668825, 40.669427, 40.671248, 40.672617, 40.672938, 40.673928, 40.674713, 40.67536, 40.675906, 40.676413, 40.677078, 
40.678065, 40.679333, 40.679877, 40.680266, 40.680733, 40.682281, 40.683061, 40.683505, 40.684052, 40.684864, 40.684395, 40.68376, 40.682489, 40.681854, 40.681221, 40.680587, 40.679952, 40.679317, 40.678686, 40.677417, 40.676781, 40.676148, 40.675774, 40.675173, 40.673966, 40.672767, 40.672161, 40.671557, 40.670342))"
BK0701,Windsor Terrace-South Slope,26359,132591.125,2439.75,3483,18307,689,0,2483,3448,2071,0.13213703099510604,0.6945255889828901,0.026139079631245496,0,0.09419932470882811,0.1308092112750863,0.0785689897188816,39,2,"list(c(-73.973555, -73.973792, -73.974482, -73.977511, -73.980061, -73.980171, -73.982231, -73.984591, -73.986951, -73.989312, -73.991734, -73.99277, -73.990517, -73.988335, -73.988769, -73.987296, -73.988428, -73.986228, -73.981796, -73.981453, -73.98111, -73.980712, -73.980364, -73.980291, -73.978191, -73.975176, -73.974959, -73.973504, -73.971397, -73.972082, -73.97262, -73.972683, -73.973051, -73.973555, 40.655644, 40.656392, 40.658339, 40.659863, 40.660791, 40.661155, 40.662142, 40.663284, 40.664425, 
40.665567, 40.666736, 40.665507, 40.664163, 40.662805, 40.662432, 40.660442, 40.65925, 40.657921, 40.655246, 40.653416, 40.651592, 40.649524, 40.647694, 40.647297, 40.647526, 40.647818, 40.647796, 40.647595, 40.648258, 40.650635, 40.650835, 40.652639, 40.653913, 40.655644))"
BK0702,Sunset Park (West),52990,82718.92857142857,1867.7857142857142,30705,12502,2115,25,6109,7807,11631,0.5794489526325722,0.23593130779392338,0.039913191168144936,4.717871296471032e-4,0.11528590300056614,0.1473296848461974,0.2194942441970183,275,6,"list(c(-74.0043468142826, -74.007575, -74.008946526507, -74.010302872604, -74.0151708934424, -74.0221534612371, -74.0233382903215, -74.024367, -74.02452, -74.025038079688, -74.0275074495055, -74.027596, -74.0292282410751, -74.0329678613999, -74.02906, -74.029079, -74.026257, -74.026861, -74.024754, -74.023545, -74.023105, -74.021165, -74.021774, -74.021087, -74.019608, -74.019024, -74.018422, -74.016167, -74.01498, -74.013814, -74.012649, -74.011484, -74.010902, -74.010319, -74.009736, -74.009153, 
-74.007988, -74.006824, -74.005659, -74.005074, -74.00449, -74.002751, -74.002144, -74.000413, -73.998671, -73.995169, -73.992964, -73.992383, -73.990188, -73.988428, -73.987296, -73.988769, -73.988335, -73.990517, -73.99277, -73.994845, -73.996528, -73.998457, -73.998619, -73.999021, -73.999457, -74.000175, -74.001454, -74.0021899851848, -74.0018453681563, -73.999994, -74.004252, -74.0043468142826, 40.6615517338196, 40.662496, 40.6615083571628, 40.6605316458118, 40.6570261605821, 40.6519979799143, 
40.6511447787894, 40.650404, 40.647402, 40.6469516277355, 40.6448049779006, 40.644728, 40.6445027086997, 40.6439865447956, 40.641727, 40.641274, 40.640132, 40.639536, 40.638121, 40.639314, 40.639996, 40.641417, 40.64041, 40.638262, 40.639704, 40.640264, 40.640846, 40.639483, 40.640626, 40.641745, 40.642866, 40.643986, 40.644547, 40.645106, 40.645667, 40.646227, 40.647344, 40.648465, 40.649584, 40.650147, 40.650706, 40.652385, 40.652956, 40.654629, 40.656307, 40.659669, 40.658337, 40.658899, 40.657601, 
40.65925, 40.660442, 40.662432, 40.662805, 40.664163, 40.665507, 40.666805, 40.668894, 40.671568, 40.67183, 40.671429, 40.67014, 40.668601, 40.667633, 40.6673397393008, 40.6667876987528, 40.663822, 40.661524, 40.6615517338196))"
BK0703,Sunset Park (Central),45084,59649.230769230766,1666.6153846153845,16536,3872,887,338,22937,9274,16363,0.36678200692041524,0.08588412740661876,0.019674385591340608,0.007497116493656286,0.5087614231212847,0.2057049063969479,0.3629447254014728,170,1,"list(c(-74.013814, -74.01498, -74.016167, -74.018422, -74.019024, -74.019608, -74.021087, -74.019554, -74.018897, -74.016752, -74.016306, -74.011908, -74.010742, -74.007023, -74.006617, -74.005564, -74.007356, -74.009557, -74.008371, -74.007206, -74.006041, -74.004877, -74.003713, -74.002545, -74.00196, -74.00138, -74.000213, -73.99963, -73.999048, -73.998466, -73.996088, -73.998276, -73.997818, -74.002144, -74.002751, -74.00449, -74.005074, -74.005659, -74.006824, -74.007988, -74.009153, -74.009736, 
-74.010319, -74.010902, -74.011484, -74.012649, -74.013814, 40.641745, 40.640626, 40.639483, 40.640846, 40.640264, 40.639704, 40.638262, 40.637091, 40.636856, 40.63544, 40.635896, 40.633234, 40.634357, 40.63211, 40.632379, 40.633084, 40.634164, 40.635493, 40.636635, 40.637755, 40.638877, 40.639995, 40.641116, 40.642236, 40.642799, 40.643357, 40.644477, 40.645037, 40.645597, 40.646159, 40.648307, 40.649734, 40.650282, 40.652956, 40.652385, 40.650706, 40.650147, 40.649584, 40.648465, 40.647344, 40.646227, 
40.645667, 40.645106, 40.644547, 40.643986, 40.642866, 40.641745))"
BK0801,Prospect Heights,23921,156627.33333333334,2516.8333333333335,2359,14060,3883,0,1756,2746,1782,0.09861627858367125,0.5877680698967435,0.16232598971614898,0,0.07340830232849797,0.11479453200117051,0.07449521341081058,89,1,"list(c(-73.97064, -73.971742, -73.972324, -73.97378, -73.973952, -73.974504, -73.974692, -73.974958, -73.975321, -73.97618, -73.973687, -73.971904, -73.969498, -73.969693, -73.968999, -73.968731, -73.968924, -73.967486, -73.966297, -73.962622, -73.961338, -73.961029, -73.960709, -73.960074, -73.963183, -73.962865, -73.962547, -73.962229, -73.961957, -73.96168, -73.961312, -73.964454, -73.967477, -73.968664, -73.97064, 40.682414, 40.682646, 40.682768, 40.683061, 40.682281, 40.680733, 40.680266, 40.679877, 
40.679333, 40.678065, 40.677078, 40.676413, 40.675906, 40.67536, 40.674713, 40.673928, 40.672938, 40.672878, 40.672677, 40.671629, 40.671352, 40.672244, 40.673122, 40.674878, 40.675529, 40.676406, 40.677287, 40.678166, 40.678934, 40.679702, 40.680456, 40.681125, 40.681754, 40.682, 40.682414))"
BK0802,Crown Heights (North),86360,69795.86363636363,1674.6363636363637,12808,18798,46573,254,2524,15480,8585,0.14830940250115796,0.21767021769337655,0.5392890226956925,0.0029411764705882353,0.02922649374710514,0.1792496526169523,0.09940944881889764,1353,1,"list(c(-73.946911, -73.949679, -73.952053, -73.953005, -73.955309, -73.955642, -73.958292, -73.961312, -73.96168, -73.961957, -73.962229, -73.962547, -73.962865, -73.963183, -73.960074, -73.960709, -73.961029, -73.961338, -73.957974, -73.955269, -73.95327, -73.950502, -73.947731, -73.942196, -73.936657, -73.933888, -73.931119, -73.92835, -73.925598, -73.925539, -73.924772, -73.924389, -73.922753, -73.922632, -73.922544, -73.922467, -73.922384, -73.9223, -73.922132, -73.922049, -73.921901, -73.921816, 
-73.924765, -73.926594, -73.930322, -73.935858, -73.938593, -73.941369, -73.944141, -73.946911, 40.678392, 40.678566, 40.678675, 40.678815, 40.679273, 40.679258, 40.679831, 40.680456, 40.679702, 40.678934, 40.678166, 40.677287, 40.676406, 40.675529, 40.674878, 40.673122, 40.672244, 40.671352, 40.670657, 40.670125, 40.670007, 40.669856, 40.669705, 40.669403, 40.669101, 40.66895, 40.668798, 40.668647, 40.668496, 40.668493, 40.667487, 40.666385, 40.667098, 40.668373, 40.669276, 40.670117, 40.671009, 
40.6719, 40.673684, 40.674574, 40.676131, 40.677019, 40.677173, 40.677278, 40.677485, 40.677817, 40.67797, 40.678093, 40.678237, 40.678392))"
BK0901,Crown Heights (South),52591,70558.53846153847,1645.2307692307693,6728,16626,26881,0,494,10857,7000,0.12793063451921433,0.3161377421992356,0.5111330836074613,0,0.009393242189728281,0.20644216691068815,0.1331026221216558,710,6,"list(c(-73.947731, -73.950502, -73.95327, -73.955269, -73.957974, -73.961338, -73.962622, -73.962194, -73.961806, -73.961258, -73.960956, -73.960615, -73.960337, -73.957292, -73.95721, -73.953849, -73.950974, -73.948166, -73.945463, -73.942696, -73.942829, -73.940029, -73.937264, -73.934553, -73.931607, -73.930685, -73.929403, -73.928544, -73.928683, -73.928598, -73.928525, -73.92835, -73.931119, -73.933888, -73.936657, -73.942196, -73.947731, 40.669705, 40.669856, 40.670007, 40.670125, 40.670657, 
40.671352, 40.671629, 40.669641, 40.667681, 40.664802, 40.663285, 40.663303, 40.664108, 40.664303, 40.663517, 40.663728, 40.663905, 40.664082, 40.664226, 40.664055, 40.662847, 40.663021, 40.663192, 40.663362, 40.663557, 40.66362, 40.664199, 40.664574, 40.665086, 40.66597, 40.666866, 40.668647, 40.668798, 40.66895, 40.669101, 40.669403, 40.669705))"
BK0902,Prospect Lefferts Gardens-Wingate,47387,68330.35714285714,1562.7857142857142,4647,11493,26938,37,1793,11409,5278,0.09806487011205604,0.2425348724333678,0.56846814527191,7.808048620929791e-4,0.03783738156034355,0.24076223436807564,0.11138075843585793,695,4,"list(c(-73.942829, -73.942696, -73.945463, -73.948166, -73.950974, -73.953849, -73.95721, -73.957292, -73.960337, -73.960615, -73.960956, -73.962429, -73.962814, -73.9619, -73.961691, -73.959861, -73.959696, -73.9563, -73.956388, -73.953048, -73.95016, -73.950066, -73.947159, -73.942401, -73.940532, -73.938593, -73.935718, -73.934784, -73.932847, -73.931907, -73.930903, -73.931083, -73.93209, -73.933996, -73.934231, -73.932336, -73.931325, -73.931406, -73.931607, -73.934553, -73.937264, -73.940029, 
-73.942829, 40.662847, 40.664055, 40.664226, 40.664082, 40.663905, 40.663728, 40.663517, 40.664303, 40.664108, 40.663303, 40.663285, 40.663125, 40.660504, 40.654871, 40.654951, 40.655635, 40.654839, 40.655049, 40.655875, 40.656081, 40.65626, 40.655423, 40.655594, 40.655885, 40.656002, 40.656123, 40.656303, 40.656361, 40.656478, 40.656537, 40.65661, 40.658296, 40.658235, 40.658119, 40.660415, 40.660532, 40.660594, 40.661331, 40.663557, 40.663362, 40.663192, 40.663021, 40.662847))"
BK1001,Bay Ridge,84567,89839.37037037036,1736.642857142857,17732,48998,2243,49,12835,18818,9762,0.20967989877848334,0.5793985833717644,0.026523348351011625,5.794222332588362e-4,0.1517731502832074,0.22252178745846488,0.11543509879740324,536,4,"list(c(-74.026861, -74.026257, -74.029079, -74.02906, -74.0329678613999, -74.033421, -74.0369590858168, -74.0371672706558, -74.0380992858564, -74.0386168293577, -74.038726, -74.0391772739482, -74.0392873586915, -74.0408825342197, -74.0416591460589, -74.041712, -74.0416815445562, -74.0416639653599, -74.0411942607624, -74.0409642168597, -74.0407458230633, -74.0407166550481, -74.0405648456374, -74.0404852390439, -74.0403023874585, -74.040191, -74.0387394203901, -74.0360156740183, -74.0353019178837, 
-74.035053, -74.031921, -74.031451, -74.028972, -74.028385, -74.026302, -74.025729, -74.02755, -74.026391, -74.027106, -74.024775, -74.022789, -74.022161, -74.021216, -74.022933, -74.020686, -74.019705, -74.019075, -74.018879, -74.017842, -74.016343, -74.016048, -74.015139, -74.015925, -74.016752, -74.018897, -74.019554, -74.021087, -74.021774, -74.021165, -74.023105, -74.023545, -74.024754, -74.026861, 40.639536, 40.640132, 40.641274, 40.641727, 40.6439865447956, 40.643924, 40.6383284222426, 40.6379991723276, 
40.6365251652525, 40.6357066563032, 40.635534, 40.6341504055605, 40.6338128885395, 40.6289221209707, 40.6265410488382, 40.626379, 40.6261478910369, 40.62601449256, 40.6224501727285, 40.6207045009827, 40.6190472352383, 40.6188258958353, 40.6176739009518, 40.6170698119953, 40.6156822557829, 40.614837, 40.6132487836811, 40.6102686519633, 40.6094877101996, 40.609544, 40.61083, 40.611117, 40.613516, 40.614249, 40.616335, 40.616049, 40.612925, 40.612408, 40.610244, 40.609676, 40.614596, 40.616169, 40.618472, 
40.619502, 40.621835, 40.622185, 40.623615, 40.624303, 40.626591, 40.630286, 40.631033, 40.633217, 40.633382, 40.63544, 40.636856, 40.637091, 40.638262, 40.64041, 40.641417, 40.639996, 40.639314, 40.638121, 40.639536))"
BK1002,Dyker Heights,42005,78640.64705882352,1716.2941176470588,4894,16870,699,110,18877,11430,8469,0.11650993929294132,0.4016188548982264,0.016640876086180218,0.0026187358647780028,0.44939888108558507,0.27211046304011427,0.2016188548982264,122,1,"list(c(-74.016048, -74.016343, -74.017842, -74.018879, -74.019075, -74.019705, -74.020686, -74.022933, -74.021216, -74.020526, -74.018316, -74.016118, -74.013926, -74.011712, -74.010504, -74.009341, -74.008177, -74.007599, -74.006434, -74.005227, -74.004019, -74.003436, -74.002276, -74.001202, -74.00053, -73.999321, -73.997713, -73.997484, -73.997241, -73.998117, -74.000314, -74.002515, -74.001931, -74.007023, -74.010742, -74.011908, -74.016306, -74.016752, -74.015925, -74.015139, -74.016048, 40.631033, 
40.630286, 40.626591, 40.624303, 40.623615, 40.622185, 40.621835, 40.619502, 40.618472, 40.618058, 40.616722, 40.615384, 40.614064, 40.612735, 40.613897, 40.615015, 40.616133, 40.616695, 40.617814, 40.618973, 40.620136, 40.620696, 40.621815, 40.622843, 40.62349, 40.624656, 40.62368, 40.62452, 40.625289, 40.625816, 40.627145, 40.628475, 40.629033, 40.63211, 40.634357, 40.633234, 40.635896, 40.63544, 40.633382, 40.633217, 40.631033))"
BK1061,Fort Hamilton,997,136583,3501,74,550,237,0,87,105,38,0.07422266800401203,0.551654964894684,0.23771313941825475,0,0.08726178535606821,0.10531594784353059,0.03811434302908726,3,1,"list(c(-74.0353019178837, -74.0319325726295, -74.031384, -74.0308232281361, -74.020133, -74.0193390815478, -74.0191352237537, -74.0213, -74.020635, -74.022396, -74.021502, -74.024775, -74.027106, -74.026391, -74.02755, -74.025729, -74.026302, -74.028385, -74.028972, -74.031451, -74.031921, -74.035053, -74.0353019178837, 40.6094877101996, 40.6058012095899, 40.605201, 40.60511188258, 40.603413, 40.6029669121568, 40.6028523682972, 40.604363, 40.6059, 40.606978, 40.607828, 40.609676, 40.610244, 40.612408, 
40.612925, 40.616049, 40.616335, 40.614249, 40.613516, 40.611117, 40.61083, 40.609544, 40.6094877101996))"
BK1101,Bensonhurst,96647,65163.857142857145,1637.142857142857,16415,36153,468,449,40266,30515,24692,0.16984489947954928,0.37407265616108104,0.0048423644810495926,0.004645772760665101,0.41662959015799766,0.315736649870146,0.2554864610386251,395,9,"list(c(-73.986275, -73.985693, -73.987851, -73.990094, -73.99255, -73.994325, -73.994649, -73.996788, -73.996878, -73.997017, -73.997241, -73.997484, -73.997713, -73.999321, -74.00053, -74.001202, -74.002276, -74.003436, -74.004019, -74.005227, -74.006434, -74.007599, -74.008177, -74.009341, -74.010504, -74.008304, -74.006014, -74.003425, -74.002665, -74.000935, -74.00195, -74.002644, -74.004934, -74.00263, -74.001098, -74.000324, -74.000022, -73.997824, -73.995594, -73.993201, -73.992619, -73.992036, 
-73.990873, -73.988643, -73.986847, -73.989132, -73.988551, -73.988423, -73.984403, -73.983477, -73.982548, -73.981624, -73.980695, -73.979697, -73.978699, -73.977774, -73.975919, -73.974031, -73.974391, -73.974515, -73.974777, -73.975208, -73.977408, -73.979638, -73.981868, -73.984068, -73.986275, 40.619567, 40.620131, 40.621435, 40.622789, 40.624274, 40.625343, 40.625698, 40.626826, 40.62653, 40.626062, 40.625289, 40.62452, 40.62368, 40.624656, 40.62349, 40.622843, 40.621815, 40.620696, 40.620136, 
40.618973, 40.617814, 40.616695, 40.616133, 40.615015, 40.613897, 40.612568, 40.611325, 40.609969, 40.60957, 40.608637, 40.607818, 40.607257, 40.605075, 40.603847, 40.603034, 40.60262, 40.602907, 40.601578, 40.600233, 40.602534, 40.60309, 40.603651, 40.60477, 40.603421, 40.605097, 40.606456, 40.607002, 40.607119, 40.607559, 40.607663, 40.607764, 40.607866, 40.607969, 40.608077, 40.608188, 40.608289, 40.608495, 40.608702, 40.61058, 40.611257, 40.612638, 40.612885, 40.614218, 40.615565, 40.616912, 
40.618241, 40.619567))"
BK1102,Bath Beach,32533,82218.45454545454,1774.5454545454545,5314,14152,653,140,10795,9958,6402,0.16334183751882703,0.4350044570128792,0.02007192696646482,0.004303322779946516,0.3318169243537331,0.3060892017336243,0.19678480312298283,199,1,"list(c(-74.000324, -74.001098, -74.00263, -74.004934, -74.002644, -74.00195, -74.000935, -74.002665, -74.003425, -74.006014, -74.008304, -74.010504, -74.011712, -74.015224, -74.017019, -74.015499, -74.0189841966658, -74.018517, -74.0176726738673, -74.015337, -74.0147547444581, -74.0146623577709, -74.013833300775, -74.0128971971247, -74.0115497330946, -74.0115363536112, -74.0111501538045, -74.010926, -74.0105191091421, -74.0101134798061, -74.0092521610797, -74.0092483308248, -74.009089558719, -74.0089857952874, 
-74.0077605685659, -74.0075637777818, -74.0055043667902, -74.004535, -74.0039160606229, -74.0013896797924, -74.000069, -73.999982, -73.999513, -73.998672, -73.99734, -73.995594, -73.997824, -74.000022, -74.000324, 40.60262, 40.603034, 40.603847, 40.605075, 40.607257, 40.607818, 40.608637, 40.60957, 40.609969, 40.611325, 40.612568, 40.613897, 40.612735, 40.609357, 40.607655, 40.606842, 40.6027675090177, 40.602505, 40.6024688904547, 40.602369, 40.6021604387313, 40.602127346243, 40.6018303818237, 40.601495073783, 
40.6010124183381, 40.6010076258685, 40.6008692908663, 40.600789, 40.6005510156428, 40.6003137691308, 40.5998099967322, 40.5998077564736, 40.5997148930514, 40.5996542033773, 40.598937586653, 40.5988224866763, 40.5976179680898, 40.597051, 40.5965827459041, 40.5946714308133, 40.595934, 40.596017, 40.596476, 40.597269, 40.598552, 40.600233, 40.601578, 40.602907, 40.60262))"
BK1103,Gravesend (West),59307,73039.875,1656,9149,22375,882,64,24771,19117,12731,0.15426509518269343,0.37727418348592917,0.014871768931154838,0.0010791306253899202,0.41767413627396427,0.3223396900871735,0.21466268737248553,253,4,"list(c(-73.9976801252349, -73.9971269334381, -73.997084, -73.9962886779151, -73.993758, -73.993309, -73.992558, -73.991539, -73.990364, -73.989621, -73.987988, -73.986019, -73.984678, -73.98464, -73.983667, -73.98179, -73.980711, -73.979955, -73.980358, -73.977507, -73.97651, -73.975588, -73.974083, -73.971484, -73.97163, -73.971911, -73.972911, -73.972565, -73.972352, -73.972178, -73.97259, -73.972994, -73.974031, -73.975919, -73.977774, -73.978699, -73.979697, -73.980695, -73.981624, -73.982548, 
-73.983477, -73.984403, -73.988423, -73.988551, -73.989132, -73.986847, -73.988643, -73.990873, -73.992036, -73.992619, -73.993201, -73.995594, -73.99734, -73.998672, -73.999513, -73.999982, -74.000069, -74.0013896797924, -73.9994272994019, -73.9993157863632, -73.9976801252349, 40.5918649942221, 40.5914464809812, 40.591414, 40.5892268642664, 40.590332, 40.589584, 40.589922, 40.590391, 40.591432, 40.590982, 40.592553, 40.594446, 40.593659, 40.593552, 40.593664, 40.593868, 40.593997, 40.594074, 40.596192, 
40.596506, 40.596616, 40.596719, 40.596883, 40.597172, 40.597944, 40.599423, 40.599315, 40.601794, 40.603348, 40.604195, 40.606671, 40.608814, 40.608702, 40.608495, 40.608289, 40.608188, 40.608077, 40.607969, 40.607866, 40.607764, 40.607663, 40.607559, 40.607119, 40.607002, 40.606456, 40.605097, 40.603421, 40.60477, 40.603651, 40.60309, 40.602534, 40.600233, 40.598552, 40.597269, 40.596476, 40.596017, 40.595934, 40.5946714308133, 40.5931868061641, 40.5931024417836, 40.5918649942221))"
BK1201,Sunset Park (East)-Borough Park (West),30570,57256.1,1510.5,7579,6554,753,0,14989,7325,9362,0.24792280013084725,0.21439319594373568,0.024631992149165848,0,0.49031730454694145,0.2396140006542362,0.3062479555119398,119,2,"list(c(-74.000213, -74.00138, -74.00196, -74.002545, -74.003713, -74.004877, -74.006041, -74.007206, -74.008371, -74.009557, -74.007356, -74.005564, -74.004107, -74.001957, -73.999807, -73.998374, -73.996942, -73.996227, -73.99551, -73.994331, -73.994077, -73.992644, -73.991929, -73.990497, -73.989059, -73.993985, -73.996088, -73.998466, -73.999048, -73.99963, -74.000213, 40.644477, 40.643357, 40.642799, 40.642236, 40.641116, 40.639995, 40.638877, 40.637755, 40.636635, 40.635493, 40.634164, 40.633084, 
40.63406, 40.635497, 40.636936, 40.637893, 40.638853, 40.639331, 40.63981, 40.6406, 40.64077, 40.641728, 40.642205, 40.643164, 40.644119, 40.647101, 40.648307, 40.646159, 40.645597, 40.645037, 40.644477))"
BK1202,Borough Park,85592,55179.23809523809,1695.095238095238,6725,68462,638,129,5415,9178,6558,0.07857042714272362,0.7998644733152631,0.007453967660529022,0.0015071502009533601,0.06326525843536779,0.10722964763061968,0.07661931021590802,199,3,"list(c(-73.990497, -73.991929, -73.992644, -73.994077, -73.994331, -73.99551, -73.996227, -73.996942, -73.998374, -73.999807, -74.001957, -74.004107, -74.005564, -74.006617, -74.007023, -74.001931, -74.002515, -74.000314, -73.998117, -73.997241, -73.997017, -73.996878, -73.996788, -73.994649, -73.994325, -73.99255, -73.990094, -73.988302, -73.986101, -73.984401, -73.981566, -73.980397, -73.979818, -73.978067, -73.976578, -73.977165, -73.976049, -73.976434, -73.976888, -73.978022, -73.979112, -73.979386, 
-73.979874, -73.98042, -73.982994, -73.984303, -73.985897, -73.986731, -73.98835, -73.989059, -73.990497, 40.643164, 40.642205, 40.641728, 40.64077, 40.6406, 40.63981, 40.639331, 40.638853, 40.637893, 40.636936, 40.635497, 40.63406, 40.633084, 40.632379, 40.63211, 40.629033, 40.628475, 40.627145, 40.625816, 40.625289, 40.626062, 40.62653, 40.626826, 40.625698, 40.625343, 40.624274, 40.622789, 40.624514, 40.623183, 40.624893, 40.624095, 40.625211, 40.625774, 40.627455, 40.627574, 40.630747, 40.631276, 
40.633289, 40.635675, 40.635553, 40.63544, 40.636932, 40.639518, 40.642385, 40.641325, 40.642085, 40.643068, 40.643574, 40.644562, 40.644119, 40.643164))"
BK1203,Kensington,38201,87666.1,1893.4,6053,18055,3652,22,8155,9324,4774,0.1584513494411141,0.47263160650244757,0.09559959163372686,5.759011544200414e-4,0.21347608701342896,0.2440773801732939,0.12497055050914897,184,2,"list(c(-73.979874, -73.979386, -73.979112, -73.978022, -73.976888, -73.976434, -73.976049, -73.972419, -73.969869, -73.970291, -73.968039, -73.968722, -73.968791, -73.969484, -73.970089, -73.970546, -73.970841, -73.971211, -73.971397, -73.973504, -73.974959, -73.975176, -73.978191, -73.980291, -73.981805, -73.983073, -73.985284, -73.98835, -73.986731, -73.985897, -73.984303, -73.982994, -73.98042, -73.979874, 40.639518, 40.636932, 40.63544, 40.635553, 40.635675, 40.633289, 40.631276, 40.632992, 40.634194, 
40.636407, 40.636651, 40.639018, 40.639256, 40.64169, 40.643746, 40.645317, 40.646378, 40.64762, 40.648258, 40.647595, 40.647796, 40.647818, 40.647526, 40.647297, 40.647128, 40.646625, 40.645768, 40.644562, 40.643574, 40.643068, 40.642085, 40.641325, 40.642385, 40.639518))"
BK1204,Mapleton-Midwood (West),37695,73020.125,1892.2666666666667,3864,27530,693,0,4207,6404,4053,0.10250696378830083,0.7303355882743069,0.01838440111420613,0,0.11160631383472609,0.16988990582305347,0.1075208913649025,142,4,"list(c(-73.963361, -73.964268, -73.96472, -73.965173, -73.965625, -73.966074, -73.967076, -73.968001, -73.968929, -73.971374, -73.971208, -73.970922, -73.974149, -73.976235, -73.976514, -73.976578, -73.978067, -73.979818, -73.980397, -73.981566, -73.984401, -73.986101, -73.988302, -73.990094, -73.987851, -73.985693, -73.986275, -73.984068, -73.981868, -73.979638, -73.977408, -73.975208, -73.974777, -73.974515, -73.974391, -73.974031, -73.972994, -73.96997, -73.967668, -73.965224, -73.964296, -73.964781, 
-73.96286, -73.963361, 40.615204, 40.619984, 40.622373, 40.624766, 40.627155, 40.629545, 40.629435, 40.629333, 40.629231, 40.628966, 40.62809, 40.62657, 40.626215, 40.625976, 40.627294, 40.627574, 40.627455, 40.625774, 40.625211, 40.624095, 40.624893, 40.623183, 40.624514, 40.622789, 40.621435, 40.620131, 40.619567, 40.618241, 40.616912, 40.615565, 40.614218, 40.612885, 40.612638, 40.611257, 40.61058, 40.608702, 40.608814, 40.60915, 40.609404, 40.609674, 40.609777, 40.612331, 40.61255, 40.615204))"
BK1301,Gravesend (South),28552,59485.142857142855,1491.2857142857142,4699,13395,2921,0,6669,9839,4584,0.16457691230036425,0.4691440179321939,0.10230456710563184,0,0.2335738302045391,0.34459932754272904,0.1605491734379378,154,2,"list(c(-73.974217, -73.975571, -73.977695, -73.978764, -73.980711, -73.98179, -73.983667, -73.98464, -73.984678, -73.986019, -73.987988, -73.989621, -73.990364, -73.991539, -73.992558, -73.993309, -73.993758, -73.9962886779151, -73.9961963689885, -73.99594, -73.996673773735, -73.9985037178365, -73.992523, -73.992223, -73.98915, -73.988358, -73.986608, -73.987084, -73.985481, -73.983876, -73.982812, -73.977504, -73.974638, -73.970846, -73.969063, -73.966614, -73.963442, -73.962552, -73.960261, -73.96035, 
-73.96046, -73.960517, -73.960572, -73.96068, -73.962838, -73.965129, -73.966519, -73.967445, -73.968371, -73.970224, -73.971151, -73.974217, 40.590111, 40.589948, 40.592179, 40.592825, 40.593997, 40.593868, 40.593664, 40.593552, 40.593659, 40.594446, 40.592553, 40.590982, 40.591432, 40.590391, 40.589922, 40.589584, 40.590332, 40.5892268642664, 40.5889730147185, 40.588268, 40.5874676761962, 40.5854717641678, 40.587984, 40.587454, 40.58467, 40.583475, 40.583719, 40.584619, 40.584519, 40.583976, 40.583792, 
40.582784, 40.583114, 40.58382, 40.584, 40.584575, 40.584676, 40.584783, 40.585039, 40.587307, 40.588724, 40.589453, 40.590182, 40.591598, 40.59136, 40.591108, 40.590953, 40.590851, 40.59075, 40.59054, 40.590443, 40.590111))"
BK1302,Coney Island-Sea Gate,51468,41954.25,1064.3636363636363,9502,25683,9651,168,4849,18883,5130,0.1846195694412062,0.499009093028678,0.18751457216134296,0.0032641641408253674,0.0942138804694179,0.3668881635190798,0.09967358358591746,508,3,"list(c(-73.990679, -73.9983681730562, -73.9999052877148, -74.000723, -74.0007395198924, -74.004000833087, -74.006027, -74.010881, -74.0119871282124, -74.012865, -74.0120051341758, -74.01147, -74.008897107308, -74.0086552278839, -74.0040491782276, -74.00287, -74.0027711420587, -74.0020666266047, -74.002001, -73.990899, -73.9674739932548, -73.9662924171794, -73.9594213702867, -73.959414, -73.961034, -73.962881, -73.964711, -73.966754, -73.968868, -73.968535, -73.968074, -73.967602, -73.967335, -73.966894, 
-73.966777, -73.966614, -73.969063, -73.970846, -73.974638, -73.977504, -73.982812, -73.983876, -73.985481, -73.987084, -73.986608, -73.988358, -73.989545, -73.990006, -73.988237, -73.990679, 40.58006, 40.5818456520627, 40.5814405210674, 40.581225, 40.5812275072612, 40.5817224840941, 40.58203, 40.580582, 40.5790911800201, 40.577908, 40.5757943943289, 40.574479, 40.5738285966614, 40.573767451793, 40.5726030852868, 40.572305, 40.5721112657375, 40.5707306100205, 40.570602, 40.570628, 40.5732391813635, 
40.5733708914399, 40.5741368058231, 40.575158, 40.575076, 40.574983, 40.574782, 40.574833, 40.575236, 40.576291, 40.578313, 40.580362, 40.581515, 40.583348, 40.583904, 40.584575, 40.584, 40.58382, 40.583114, 40.582784, 40.583792, 40.583976, 40.584519, 40.584619, 40.583719, 40.583475, 40.581933, 40.580676, 40.579704, 40.58006))"
BK1303,Brighton Beach,30279,48642.375,1566.375,3408,21220,446,0,2825,13257,7966,0.11255325473100168,0.7008157468872817,0.014729680636744938,0,0.0932989860959741,0.4378281977608243,0.26308662769576274,236,2,"list(c(-73.967602, -73.968074, -73.968535, -73.968868, -73.966754, -73.964711, -73.962881, -73.961034, -73.959414, -73.9594213702867, -73.952493509198, -73.952874, -73.953342, -73.954032, -73.954143, -73.956041, -73.956536, -73.956851, -73.959006, -73.960027, -73.960235, -73.960261, -73.962552, -73.963442, -73.966614, -73.966777, -73.966894, -73.967335, -73.967602, 40.580362, 40.578313, 40.576291, 40.575236, 40.574833, 40.574782, 40.574983, 40.575076, 40.575158, 40.5741368058231, 40.5749090532748, 
40.576882, 40.579267, 40.582517, 40.583105, 40.582736, 40.582659, 40.582859, 40.582866, 40.583209, 40.584522, 40.585039, 40.584783, 40.584676, 40.584575, 40.583904, 40.583348, 40.581515, 40.580362))"
BK1401,Flatbush,70800,77975.27777777778,1673.4444444444443,12338,10594,41719,38,3069,19000,11355,0.17426553672316383,0.14963276836158193,0.5892514124293785,5.367231638418079e-4,0.04334745762711864,0.268361581920904,0.1603813559322034,1123,1,"list(c(-73.9619, -73.966213, -73.965751, -73.965242, -73.964654, -73.964355, -73.96302, -73.962186, -73.963075, -73.963984, -73.964903, -73.964535, -73.965468, -73.965012, -73.964087, -73.963557, -73.963186, -73.962282, -73.961386, -73.960502, -73.959377, -73.958966, -73.9584, -73.958198, -73.957753, -73.957299, -73.956847, -73.955812, -73.954885, -73.951106, -73.950177, -73.947327, -73.946327, -73.945401, -73.944155, -73.945511, -73.946479, -73.945617, -73.945868, -73.947774, -73.948015, -73.948265, 
-73.950167, -73.951158, -73.952133, -73.9536, -73.953743, -73.954043, -73.954281, -73.954525, -73.954665, -73.95473, -73.955652, -73.958107, -73.958141, -73.95815, -73.958707, -73.955825, -73.955907, -73.95601, -73.956164, -73.9563, -73.959696, -73.959861, -73.961691, -73.9619, 40.654871, 40.653189, 40.6525, 40.651742, 40.650887, 40.651005, 40.651532, 40.649789, 40.64944, 40.649085, 40.648721, 40.646819, 40.64672, 40.644302, 40.644407, 40.64161, 40.639672, 40.640101, 40.640525, 40.64094, 40.641471, 
40.639305, 40.636327, 40.635289, 40.632903, 40.630512, 40.62812, 40.628234, 40.628336, 40.62875, 40.628852, 40.629166, 40.629277, 40.629378, 40.629508, 40.630792, 40.631708, 40.631778, 40.634117, 40.633999, 40.636267, 40.638607, 40.638491, 40.638428, 40.638423, 40.638422, 40.638566, 40.638878, 40.640589, 40.642887, 40.644197, 40.644772, 40.646631, 40.646518, 40.647504, 40.647768, 40.650387, 40.65053, 40.651369, 40.652314, 40.653777, 40.655049, 40.654839, 40.655635, 40.654951, 40.654871))"
BK1402,Flatbush (West)-Ditmas Park-Parkville,41597,90686,1706.3636363636363,7694,15878,8130,19,7965,10307,6057,0.18496526191792678,0.38171021948698225,0.19544678702791066,4.5676370892131646e-4,0.19148015481885713,0.24778229199221097,0.1456114623650744,292,5,"list(c(-73.9584, -73.958966, -73.959377, -73.960502, -73.961386, -73.962282, -73.963186, -73.963557, -73.964087, -73.965012, -73.965468, -73.964535, -73.964903, -73.963984, -73.963075, -73.962186, -73.96302, -73.964355, -73.964654, -73.967028, -73.968793, -73.971397, -73.971211, -73.970841, -73.970546, -73.970089, -73.969484, -73.968791, -73.968722, -73.968039, -73.970291, -73.969869, -73.972419, -73.976049, -73.977165, -73.976578, -73.976514, -73.976235, -73.974149, -73.970922, -73.971208, -73.971374, 
-73.968929, -73.968001, -73.967076, -73.966074, -73.964152, -73.963225, -73.962298, -73.961369, -73.960408, -73.959956, -73.958994, -73.958053, -73.956847, -73.957299, -73.957753, -73.958198, -73.9584, 40.636327, 40.639305, 40.641471, 40.64094, 40.640525, 40.640101, 40.639672, 40.64161, 40.644407, 40.644302, 40.64672, 40.646819, 40.648721, 40.649085, 40.64944, 40.649789, 40.651532, 40.651005, 40.650887, 40.649948, 40.649249, 40.648258, 40.64762, 40.646378, 40.645317, 40.643746, 40.64169, 40.639256, 
40.639018, 40.636651, 40.636407, 40.634194, 40.632992, 40.631276, 40.630747, 40.627574, 40.627294, 40.625976, 40.626215, 40.62657, 40.62809, 40.628966, 40.629231, 40.629333, 40.629435, 40.629545, 40.629757, 40.629859, 40.629961, 40.63006, 40.63017, 40.627778, 40.627886, 40.627972, 40.62812, 40.630512, 40.632903, 40.635289, 40.636327))"
BK1403,Midwood,52142,78564.8125,1656.3333333333333,4402,33984,3549,0,7313,13445,7580,0.08442330558858502,0.65175865904645,0.0680641325610832,0,0.1402516205745848,0.25785355375704805,0.14537225269456483,327,3,"list(c(-73.950265, -73.949306, -73.947458, -73.946574, -73.945737, -73.946067, -73.946514, -73.945516, -73.944518, -73.94497, -73.945425, -73.946422, -73.946875, -73.947327, -73.950177, -73.951106, -73.954885, -73.955812, -73.956847, -73.958053, -73.958994, -73.959956, -73.960408, -73.961369, -73.962298, -73.963225, -73.964152, -73.966074, -73.965625, -73.965173, -73.96472, -73.964268, -73.963361, -73.96286, -73.96238, -73.960444, -73.95952, -73.958593, -73.957669, -73.955741, -73.954796, -73.952577, 
-73.950706, -73.949784, -73.950265, 40.613924, 40.614031, 40.614199, 40.614789, 40.615363, 40.617104, 40.619494, 40.619606, 40.619714, 40.622105, 40.624496, 40.624385, 40.626774, 40.629166, 40.628852, 40.62875, 40.628336, 40.628234, 40.62812, 40.627972, 40.627886, 40.627778, 40.63017, 40.63006, 40.629961, 40.629859, 40.629757, 40.629545, 40.627155, 40.624766, 40.622373, 40.619984, 40.615204, 40.61255, 40.609986, 40.610202, 40.610302, 40.610403, 40.610504, 40.610715, 40.61082, 40.611037, 40.61125, 
40.611372, 40.613924))"
BK1501,Gravesend (East)-Homecrest,50129,68082.94444444444,1685.388888888889,6151,32696,1230,41,7513,16379,7883,0.12270342516307925,0.6522372279518841,0.024536695326058768,8.178898442019589e-4,0.14987332681681262,0.32673701849228987,0.15725428394741567,253,3,"list(c(-73.966519, -73.965129, -73.962838, -73.96068, -73.960572, -73.960517, -73.96046, -73.96035, -73.959347, -73.958195, -73.957126, -73.956193, -73.956588, -73.957003, -73.956077, -73.956556, -73.956928, -73.957757, -73.95683, -73.957283, -73.957724, -73.958593, -73.95952, -73.960444, -73.96238, -73.96286, -73.964781, -73.964296, -73.965224, -73.967668, -73.96997, -73.972994, -73.97259, -73.972178, -73.972352, -73.972565, -73.972911, -73.971911, -73.97163, -73.971484, -73.974083, -73.975588, 
-73.97651, -73.977507, -73.980358, -73.979955, -73.980711, -73.978764, -73.977695, -73.975571, -73.974217, -73.971151, -73.970224, -73.968371, -73.967445, -73.966519, 40.590953, 40.591108, 40.59136, 40.591598, 40.590182, 40.589453, 40.588724, 40.587307, 40.587417, 40.587544, 40.587661, 40.587762, 40.589884, 40.592002, 40.592101, 40.594648, 40.596612, 40.600986, 40.601087, 40.60347, 40.6058, 40.610403, 40.610302, 40.610202, 40.609986, 40.61255, 40.612331, 40.609777, 40.609674, 40.609404, 40.60915, 
40.608814, 40.606671, 40.604195, 40.603348, 40.601794, 40.599315, 40.599423, 40.597944, 40.597172, 40.596883, 40.596719, 40.596616, 40.596506, 40.596192, 40.594074, 40.593997, 40.592825, 40.592179, 40.589948, 40.590111, 40.590443, 40.59054, 40.59075, 40.590851, 40.590953))"
BK1502,Madison,40723,77747.66666666667,1753.8666666666666,3109,23807,1332,112,10618,14153,5692,0.07634506298651868,0.5846082066645385,0.03270878864523734,0.0027502885347346706,0.2607371755518994,0.34754315742946246,0.13977359231883701,204,2,"list(c(-73.943641, -73.943699, -73.944055, -73.944174, -73.944827, -73.945737, -73.946574, -73.947458, -73.949306, -73.950265, -73.949784, -73.950706, -73.952577, -73.954796, -73.955741, -73.957669, -73.958593, -73.957724, -73.957283, -73.95683, -73.957757, -73.956928, -73.955076, -73.95315, -73.951006, -73.949047, -73.947192, -73.94623, -73.945265, -73.942484, -73.942889, -73.939042, -73.938113, -73.936197, -73.934471, -73.935032, -73.934263, -73.939726, -73.937537, -73.939347, -73.941547, -73.942312, 
-73.943547, -73.943641, 40.609859, 40.610214, 40.611993, 40.612722, 40.616046, 40.615363, 40.614789, 40.614199, 40.614031, 40.613924, 40.611372, 40.61125, 40.611037, 40.61082, 40.610715, 40.610504, 40.610403, 40.6058, 40.60347, 40.601087, 40.600986, 40.596612, 40.596816, 40.597028, 40.597262, 40.597479, 40.597682, 40.597789, 40.597894, 40.598201, 40.600318, 40.600742, 40.600844, 40.601055, 40.601231, 40.601734, 40.60223, 40.607133, 40.608557, 40.610187, 40.608768, 40.608269, 40.609346, 40.609859))"
BK1503,Sheepshead Bay-Manhattan Beach-Gerritsen Beach,66402,84728.45,1628.1,5929,40057,4498,46,13490,23951,9091,0.08928947923255323,0.6032499021113822,0.0677389235263998,6.927502183669167e-4,0.20315653142977622,0.3606969669588265,0.13690852685160085,399,2,"list(c(-73.934471, -73.936197, -73.938113, -73.939042, -73.942889, -73.942484, -73.945265, -73.94623, -73.947192, -73.949047, -73.951006, -73.95315, -73.955076, -73.956928, -73.956556, -73.956077, -73.957003, -73.956588, -73.956193, -73.957126, -73.958195, -73.959347, -73.96035, -73.960261, -73.960235, -73.960027, -73.959006, -73.956851, -73.956536, -73.956041, -73.954143, -73.954032, -73.953342, -73.952874, -73.952493509198, -73.946295, -73.9446260734221, -73.9427170385779, -73.931968, -73.9313, 
-73.9330370027116, -73.933123, -73.9318661635202, -73.9317545671342, -73.931842, -73.932042, -73.931078, -73.930096, -73.930191, -73.931256, -73.931369, -73.927207, -73.925948, -73.92537, -73.919944, -73.917663, -73.92096, -73.923638, -73.926533, -73.929569, -73.928791, -73.928131, -73.931734, -73.933551, -73.934263, -73.935032, -73.934471, 40.601231, 40.601055, 40.600844, 40.600742, 40.600318, 40.598201, 40.597894, 40.597789, 40.597682, 40.597479, 40.597262, 40.597028, 40.596816, 40.596612, 40.594648, 
40.592101, 40.592002, 40.589884, 40.587762, 40.587661, 40.587544, 40.587417, 40.587307, 40.585039, 40.584522, 40.583209, 40.582866, 40.582859, 40.582659, 40.582736, 40.583105, 40.582517, 40.579267, 40.576882, 40.5749090532748, 40.5756, 40.5756198029956, 40.5756424550458, 40.57577, 40.576684, 40.5820036303558, 40.582267, 40.5828311120168, 40.5828812003643, 40.583076, 40.584234, 40.584388, 40.584502, 40.585086, 40.585432, 40.586071, 40.584802, 40.585007, 40.584691, 40.584646, 40.585605, 40.589095, 
40.591497, 40.594104, 40.59682, 40.597323, 40.597778, 40.601062, 40.602687, 40.60223, 40.601734, 40.601231))"
BK1601,Ocean Hill,40131,58898.6,1394,8900,3263,25997,111,567,6874,4242,0.22177369116144627,0.08130871396177519,0.6478034437218111,0.0027659415414517455,0.0141287284144427,0.17128902843188556,0.10570381998953428,837,4,"list(c(-73.922132, -73.9223, -73.922384, -73.922467, -73.922544, -73.922632, -73.922753, -73.921872, -73.92102, -73.920039, -73.919231, -73.918382, -73.917482, -73.917135, -73.914873, -73.914039, -73.911336, -73.909255, -73.907877, -73.903475, -73.902535, -73.89999, -73.900627, -73.903466, -73.904046, -73.905493, -73.907018, -73.908517, -73.90886, -73.909275, -73.911512, -73.912273, -73.913037, -73.91529, -73.916046, -73.918046, -73.917996, -73.91785, -73.917701, -73.917558, -73.917266, -73.917122, 
-73.916977, -73.916831, -73.916687, -73.91654, -73.916393, -73.916301, -73.921646, -73.921711, -73.921816, -73.921901, -73.922049, -73.922132, 40.673684, 40.6719, 40.671009, 40.670117, 40.669276, 40.668373, 40.667098, 40.667481, 40.667852, 40.668282, 40.668631, 40.669002, 40.669393, 40.669543, 40.670533, 40.670897, 40.672077, 40.672948, 40.673567, 40.675507, 40.675884, 40.6769, 40.677265, 40.678897, 40.67922, 40.680037, 40.680948, 40.681804, 40.681994, 40.682235, 40.683505, 40.683935, 40.684368, 
40.685645, 40.686072, 40.687213, 40.686965, 40.686233, 40.6855, 40.684767, 40.683303, 40.682568, 40.681834, 40.681101, 40.680371, 40.679637, 40.678906, 40.678577, 40.67887, 40.678116, 40.677019, 40.676131, 40.674574, 40.673684))"
BK1602,Brownsville,54529,36944.142857142855,1060.5714285714287,14121,1333,35765,97,666,8555,6558,0.25896312054136333,0.0244457077885162,0.65588952667388,0.0017788699591043298,0.012213684461479213,0.1568889948467788,0.12026628032789892,1010,7,"list(c(-73.919097, -73.918703, -73.918299, -73.918185, -73.917419, -73.917074, -73.915567, -73.91378, -73.912339, -73.911996, -73.910123, -73.909767, -73.909726, -73.909335, -73.908558, -73.9074, -73.907856, -73.906916, -73.903173, -73.900303, -73.899967, -73.899041, -73.898807, -73.899217, -73.899652, -73.900661, -73.901451, -73.900417, -73.900851, -73.901668, -73.901982, -73.902289, -73.903475, -73.907877, -73.909255, -73.911336, -73.914039, -73.914873, -73.917135, -73.917482, -73.918382, -73.919231, 
-73.920039, -73.92102, -73.921872, -73.922753, -73.924389, -73.922879, -73.922099, -73.921655, -73.920972, -73.920049, -73.919097, 40.66423, 40.662694, 40.661162, 40.660726, 40.660051, 40.659745, 40.658393, 40.656783, 40.655531, 40.655561, 40.655852, 40.654472, 40.654313, 40.652809, 40.652096, 40.652844, 40.654589, 40.654732, 40.655301, 40.657263, 40.657285, 40.657372, 40.657407, 40.659112, 40.660735, 40.660587, 40.663659, 40.663806, 40.665346, 40.668413, 40.66967, 40.670936, 40.675507, 40.673567, 
40.672948, 40.672077, 40.670897, 40.670533, 40.669543, 40.669393, 40.669002, 40.668631, 40.668282, 40.667852, 40.667481, 40.667098, 40.666385, 40.664952, 40.664251, 40.663843, 40.663953, 40.664089, 40.66423))"
BK1701,East Flatbush-Erasmus,45277,72496.18181818182,1624.8181818181818,3401,3141,34864,315,1160,13861,7153,0.07511540075535039,0.06937297082403869,0.7700156812509663,0.006957174724473794,0.02562007200123683,0.30613777414581356,0.15798308191797159,967,2,"list(c(-73.942826, -73.941891, -73.942098, -73.942401, -73.947159, -73.950066, -73.95016, -73.953048, -73.956388, -73.9563, -73.956164, -73.95601, -73.955907, -73.955825, -73.958707, -73.95815, -73.958141, -73.958107, -73.955652, -73.95473, -73.954665, -73.954525, -73.954281, -73.954043, -73.953743, -73.9536, -73.952133, -73.951158, -73.950167, -73.948265, -73.948414, -73.947443, -73.94779, -73.945869, -73.945988, -73.946073, -73.94417, -73.944344, -73.943374, -73.943525, -73.943052, -73.942631, 
-73.942826, 40.65111, 40.651169, 40.653091, 40.655885, 40.655594, 40.655423, 40.65626, 40.656081, 40.655875, 40.655049, 40.653777, 40.652314, 40.651369, 40.65053, 40.650387, 40.647768, 40.647504, 40.646518, 40.646631, 40.644772, 40.644197, 40.642887, 40.640589, 40.638878, 40.638566, 40.638422, 40.638423, 40.638428, 40.638491, 40.638607, 40.639987, 40.640048, 40.643305, 40.643424, 40.644534, 40.645312, 40.645429, 40.647078, 40.647115, 40.648541, 40.649314, 40.649339, 40.65111))"
BK1702,East Flatbush-Farragut,35262,76894,1653.5384615384614,3206,572,28000,51,826,12765,5444,0.09091940332369122,0.016221428166298,0.7940559242243775,0.0014463161476944019,0.023424649764619138,0.3620044240258635,0.15438715898133967,607,1,"list(c(-73.937284, -73.937383, -73.942137, -73.942608, -73.943309, -73.943374, -73.944344, -73.94417, -73.946073, -73.945988, -73.945869, -73.94779, -73.947443, -73.948414, -73.948265, -73.948015, -73.947774, -73.945868, -73.945617, -73.944629, -73.940788, -73.937593, -73.937013, -73.937267, -73.934395, -73.933427, -73.9325, -73.931531, -73.927448, -73.926513, -73.926082, -73.925743, -73.925382, -73.925721, -73.929599, -73.933478, -73.937284, 40.643958, 40.644905, 40.644683, 40.644662, 40.646527, 
40.647115, 40.647078, 40.645429, 40.645312, 40.644534, 40.643424, 40.643305, 40.640048, 40.639987, 40.638607, 40.636267, 40.633999, 40.634117, 40.631778, 40.631838, 40.632076, 40.632268, 40.632304, 40.634651, 40.634827, 40.634884, 40.634947, 40.635006, 40.635259, 40.63654, 40.638163, 40.640014, 40.642384, 40.644674, 40.644433, 40.644192, 40.643958))"
BK1703,East Flatbush-Rugby,39525,74044.375,1623.0625,2347,1433,33151,21,538,14853,5831,0.05938013915243517,0.03625553447185326,0.8387349778621126,5.313092979127135e-4,0.013611638203668563,0.3757874762808349,0.1475268817204301,680,1,"list(c(-73.926464, -73.928282, -73.930685, -73.931607, -73.931406, -73.931325, -73.932336, -73.934231, -73.933996, -73.93209, -73.931083, -73.930903, -73.931907, -73.932847, -73.934784, -73.935718, -73.938593, -73.940532, -73.942401, -73.942098, -73.941891, -73.942826, -73.942631, -73.938895, -73.938749, -73.935858, -73.933957, -73.932921, -73.932614, -73.937383, -73.937284, -73.933478, -73.929599, -73.925721, -73.925382, -73.923565, -73.923327, -73.921609, -73.919729, -73.919951, -73.919976, -73.920467, 
-73.920581, -73.920773, -73.921696, -73.921776, -73.923599, -73.924654, -73.924643, -73.926464, 40.659814, 40.661447, 40.66362, 40.663557, 40.661331, 40.660594, 40.660532, 40.660415, 40.658119, 40.658235, 40.658296, 40.65661, 40.656537, 40.656478, 40.656361, 40.656303, 40.656123, 40.656002, 40.655885, 40.653091, 40.651169, 40.65111, 40.649339, 40.64957, 40.648971, 40.648662, 40.648726, 40.647997, 40.645245, 40.644905, 40.643958, 40.644192, 40.644433, 40.644674, 40.642384, 40.642499, 40.6399, 40.641687, 
40.642725, 40.644707, 40.64503, 40.649654, 40.650707, 40.652554, 40.654372, 40.654424, 40.656053, 40.657007, 40.658183, 40.659814))"
BK1704,East Flatbush-Remsen Village,38460,60547.77777777778,1505.2222222222222,2490,1315,31678,0,86,11554,5858,0.06474258970358815,0.034191367654706185,0.8236609464378575,0,0.0022360894435777432,0.30041601664066564,0.15231409256370254,782,1,"list(c(-73.928228, -73.928544, -73.929403, -73.930685, -73.928282, -73.926464, -73.924643, -73.924654, -73.923599, -73.921776, -73.921696, -73.920773, -73.920581, -73.920467, -73.919976, -73.919951, -73.916937, -73.911823, -73.909449, -73.908558, -73.909335, -73.909726, -73.909767, -73.910123, -73.911996, -73.912339, -73.91378, -73.915567, -73.917074, -73.917419, -73.918185, -73.918299, -73.918703, -73.919097, -73.920049, -73.920972, -73.921655, -73.922099, -73.922879, -73.924389, -73.925463, -73.92638, 
-73.928228, 40.66471, 40.664574, 40.664199, 40.66362, 40.661447, 40.659814, 40.658183, 40.657007, 40.656053, 40.654424, 40.654372, 40.652554, 40.650707, 40.649654, 40.64503, 40.644707, 40.646683, 40.649984, 40.651522, 40.652096, 40.652809, 40.654313, 40.654472, 40.655852, 40.655561, 40.655531, 40.656783, 40.658393, 40.659745, 40.660051, 40.660726, 40.661162, 40.662694, 40.66423, 40.664089, 40.663953, 40.663843, 40.664251, 40.664952, 40.666385, 40.665916, 40.665515, 40.66471))"
BK1771,Holy Cross Cemetery,22,NA,NA,17,0,5,0,0,0,0,0.7727272727272727,0,0.22727272727272727,0,0,0,0,1,1,"list(c(-73.943374, -73.943309, -73.942608, -73.942137, -73.937383, -73.932614, -73.932921, -73.933957, -73.935858, -73.938749, -73.938895, -73.942631, -73.943052, -73.943525, -73.943374, 40.647115, 40.646527, 40.644662, 40.644683, 40.644905, 40.645245, 40.647997, 40.648726, 40.648662, 40.648971, 40.64957, 40.649339, 40.649314, 40.648541, 40.647115))"
BK1801,Flatlands,67826,87327.44444444444,1685.7307692307693,5812,11118,42805,145,4038,21318,7113,0.08568985344853006,0.16391944092236016,0.6311001680771385,0.002137823253619556,0.05953469171114322,0.3143042491080117,0.10487128829652345,551,1,"list(c(-73.937013, -73.937593, -73.940788, -73.944629, -73.945617, -73.946479, -73.945511, -73.944155, -73.945401, -73.946327, -73.947327, -73.946875, -73.946422, -73.945425, -73.94497, -73.944518, -73.945516, -73.946514, -73.946067, -73.945737, -73.944827, -73.94347, -73.943145, -73.941282, -73.939716, -73.936867, -73.935018, -73.933205, -73.931731, -73.930602, -73.928478, -73.926295, -73.926401, -73.925395, -73.923497, -73.920624, -73.920527, -73.917887, -73.917008, -73.91714, -73.917265, -73.91747, 
-73.917515, -73.917995, -73.918162, -73.918242, -73.918604, -73.918852, -73.919172, -73.91929, -73.919462, -73.919556, -73.919729, -73.921609, -73.923327, -73.923565, -73.925382, -73.925743, -73.926082, -73.926513, -73.927448, -73.931531, -73.9325, -73.933427, -73.934395, -73.937267, -73.937013, 40.632304, 40.632268, 40.632076, 40.631838, 40.631778, 40.631708, 40.630792, 40.629508, 40.629378, 40.629277, 40.629166, 40.626774, 40.624385, 40.624496, 40.622105, 40.619714, 40.619606, 40.619494, 40.617104, 
40.615363, 40.616046, 40.617385, 40.617426, 40.61763, 40.618406, 40.620253, 40.6186, 40.61697, 40.617927, 40.616922, 40.615017, 40.613193, 40.614479, 40.61454, 40.614658, 40.614839, 40.613943, 40.615647, 40.617202, 40.61839, 40.619548, 40.621513, 40.621941, 40.626458, 40.628005, 40.62877, 40.632096, 40.634483, 40.63747, 40.638596, 40.640239, 40.641185, 40.642725, 40.641687, 40.6399, 40.642499, 40.642384, 40.640014, 40.638163, 40.63654, 40.635259, 40.635006, 40.634947, 40.634884, 40.634827, 40.634651, 
40.632304))"
BK1802,Marine Park-Mill Basin-Bergen Beach,44974,108658.26315789473,1994.0588235294117,3380,28309,6365,0,5136,9735,3384,0.0751545337305999,0.6294525725975008,0.1415262151465291,0,0.11419931515987014,0.21645839818561835,0.07524347400720416,201,1,"list(c(-73.901989, -73.900163, -73.898261, -73.90178, -73.90848, -73.916922, -73.918604, -73.918242, -73.918162, -73.917995, -73.917515, -73.91747, -73.917265, -73.91714, -73.917008, -73.917887, -73.920527, -73.920624, -73.923497, -73.925395, -73.926401, -73.926295, -73.928478, -73.930602, -73.931731, -73.933205, -73.935018, -73.936867, -73.939716, -73.941282, -73.943145, -73.94347, -73.944827, -73.944174, -73.944055, -73.943699, -73.943641, -73.943547, -73.942312, -73.941547, -73.939347, -73.937537, 
-73.936046, -73.933513, -73.929868, -73.927691, -73.926249, -73.924441, -73.921584, -73.919693, -73.919296, -73.91782, -73.917254, -73.912994, -73.906573, -73.901445, -73.901698, -73.90319, -73.904927, -73.903457, -73.901373, -73.900672, -73.899239, -73.898559, -73.89835, -73.901989, 40.620563, 40.621677, 40.622989, 40.624816, 40.627979, 40.631669, 40.632096, 40.62877, 40.628005, 40.626458, 40.621941, 40.621513, 40.619548, 40.61839, 40.617202, 40.615647, 40.613943, 40.614839, 40.614658, 40.61454, 
40.614479, 40.613193, 40.615017, 40.616922, 40.617927, 40.61697, 40.6186, 40.620253, 40.618406, 40.61763, 40.617426, 40.617385, 40.616046, 40.612722, 40.611993, 40.610214, 40.609859, 40.609346, 40.608269, 40.608768, 40.610187, 40.608557, 40.609515, 40.608343, 40.605071, 40.60648, 40.607414, 40.605794, 40.607639, 40.607311, 40.606947, 40.606391, 40.606731, 40.60286, 40.603649, 40.604354, 40.608223, 40.611489, 40.613237, 40.614035, 40.613278, 40.613744, 40.614666, 40.615172, 40.61731, 40.620563))"
BK1803,Canarsie,87430,84697.21212121213,1680.878787878788,8087,3687,69126,23,2249,29351,9684,0.09249685462655839,0.04217087956079149,0.7906439437264097,2.630675969346906e-4,0.0257234358915704,0.33570856685348277,0.1107628960311106,779,1,"list(c(-73.918604, -73.916922, -73.90848, -73.90178, -73.901147, -73.899682, -73.895, -73.892771, -73.890815, -73.892094, -73.886357, -73.885111, -73.883649, -73.882889, -73.885421, -73.885944, -73.883718, -73.880739, -73.889587, -73.891252, -73.889994, -73.891366, -73.893547, -73.89761, -73.895861, -73.897943, -73.900892, -73.903982, -73.9058, -73.907615, -73.908681, -73.909449, -73.911823, -73.916937, -73.919951, -73.919729, -73.919556, -73.919462, -73.91929, -73.919172, -73.918852, -73.918604, 
40.632096, 40.631669, 40.627979, 40.624816, 40.625685, 40.627369, 40.630386, 40.631809, 40.630854, 40.628658, 40.630821, 40.631624, 40.632743, 40.633437, 40.63573, 40.636227, 40.63768, 40.639613, 40.648111, 40.650026, 40.651138, 40.652365, 40.655202, 40.653454, 40.651881, 40.650515, 40.648641, 40.646629, 40.648265, 40.649896, 40.650717, 40.651522, 40.649984, 40.646683, 40.644707, 40.642725, 40.641185, 40.640239, 40.638596, 40.63747, 40.634483, 40.632096))"
BK5691,Barren Island-Floyd Bennett Field,14,NA,NA,5,9,0,0,0,5,0,0.35714285714285715,0.6428571428571429,0,0,0,0.35714285714285715,0,1,1,"list(c(-73.919296, -73.903359, -73.902662, -73.893832, -73.891532, -73.8879426931966, -73.88348, -73.879222, -73.871418, -73.884456, -73.891953, -73.89862, -73.901445, -73.906573, -73.912994, -73.917254, -73.91782, -73.919296, 40.606947, 40.592391, 40.591643, 40.583652, 40.581764, 40.578385829488, 40.578935, 40.574656, 40.578535, 40.60944, 40.605525, 40.604609, 40.604354, 40.603649, 40.60286, 40.606731, 40.606391, 40.606947))"
